movie_ID,title,genre,duration,Qualification,protagonist_actor_name,protagonist_actor_surname
104632,Rock N Roll Christmas,Drama,86,4,Sharlto,Copley
105534,Republic Z,Horror,87,3,Dale,Elliott
103842,Jane and Emma,Drama,94,3,Ken,Olin
105038,Prey Before You Eat 2,Action,92,3,Tommy,Lee
102636,Doe,Suspense,99,2,Reza,Rahadian
100892,Sticky Fingers,Comedy,61,2,Alejandro,Pea
103171,Bad Ass 2 Bad Asses,Action,91,1,Seth,Rogen
104298,All Creatures Big and Small,Action,98,2,Sam,Worthington
105370,Romang,Drama,112,5,Sylvester,Stallone
104889,A Stone In The Water,Horror,96,3,Belim,Bilgin
105591,Escape and Evasion,Action,92,2,Purav,Bhandare
102532,Exciting Educational Songs  Little ,Kids,62,2,Jeff,Dunham
105326,Raising Bipolar,Documentary,48,1,Vidya,Sinha
105359,Christmas Time with Little Baby Bum,Kids,31,1,Shashank,Shende
103646,Conference Call,Comedy,59,2,Deepak,Sampat
100119,Where is Chicky  Chapter Two,Animation,22,2,Clint,Eastwood
104205,Cocktail Hour Cities Edition II,Documentary,59,4,Logan,Browning
105180,Miracle In The Woods,Drama,89,2,Ansel,Elgort
104148,George Carlin Life Is Worth Losing,Arts,74,3,Raghuvir,Yadav
105371,Nobody,Horror,89,1,Manu,Bennett
101648,Mississippi Turntup,Action,96,2,Ahmed,Helmy
100097,Wildlike,Action,104,4,Nick,Cannon
103045,Blackout,Drama,92,3,Ral,Arvalo
104834,Lured,Horror,85,3,Kevin,Hart
102362,Getting to Know You,Comedy,103,4,Vijay,Sethupathi
104936,Mitzi Gaynor The First Time,Arts,52,2,Leslie,Cheung
100599,The Italian Job 1969,Action,99,2,Matt,Damon
105029,Broil,Horror,91,1,Robert,De
101676,Midnight Rain for Sleep Black Scree,Special Interest,84,1,Jeremy,Renner
104196,Hummingbirds,Documentary,89,5,Jandino,Asporaat
100729,THE BRANCH,Comedy,89,2,Karole,Rocher
102072,Jack and Jill vs The World,Comedy,87,4,Laura,Marano
104129,Pacific Ocean Waves,Special Interest,35,2,Todrick,Hall
104392,Dosth mera dosth,Comedy,118,3,Todd,Standing
100440,The Spectaculars,Comedy,87,4,Lama,Hakeim
105048,Feeding the Masses,Horror,85,5,Kurt,Russell
105173,Saathiya,Drama,117,2,Craig,Sechler
102201,Home,Horror,87,2,Rahama,Sadau
105262,Nishabdham,Suspense,102,4,Christina,Ricci
102366,Get A Job,Comedy,91,2,Daniel,Sosa
102669,Diana The Royal Truth,Documentary,61,2,Tauquir,Ahmed
105972,Bhairu Pailwan Ki Jai Ho,Comedy,112,3,Wagner,Moura
103144,Bashful Bachelor,Comedy,76,2,Prakash,Raj
102639,Doctor Bloods Coffin,Horror,59,2,Fedi,Nuril
104991,BeforeDuringAfter,Comedy,64,2,Salman,Khan
102831,Classic Nursery Rhymes with Little ,Kids,14,4,Imran,Khan
100914,Stalked By My Doctor,Drama,88,2,Cosmo,Jarvis
101788,Lucy and Desi A Home Movie,Documentary,90,2,Imran,Khan
105639,Apparition,Horror,106,2,Henry,Fonda
100818,Tamara,Horror,70,3,Jason,Statham
103312,Alonzo Bodden Historically Incorrec,Arts,86,2,Ali,Suliman
105956,Ee Kathalo Paatralu Kalpitam,Drama,117,2,Clayne,Crawford
102040,Jeffrey,Comedy,94,4,Amitabh,Bachchan
103927,Anjelah Johnson The Homecoming Show,Arts,59,2,Tiger,Shroff
101434,Omaha Beach Honor and Sacrifice,Documentary,55,2,Noah,Kaye
100929,Special Forces,Action,109,4,Reza,Rahadian
104098,Fighting the Odds The Marilyn Gambr,Drama,90,3,Kelly,Sheridan
100829,Symphony in Colorado,Music Videos and Con,81,1,Robbie,Daymond
105498,One Night,Comedy,114,2,Jackie,Chan
100174,Vows of Deception,Drama,94,5,Matilda,Lambert
103890,Dead End,Drama,102,2,Hayley,Lovitt
102720,Danny Boy,Drama,14,2,Jay,Baruchel
104577,Little Cooper,Drama,71,3,Vice,Ganda
101680,Michael McDonald Model Citizen,Arts,60,5,Ricardo,Quevedo
100167,Waiting for Lightning,Documentary,59,3,Dulquer,Salmaan
102557,Emily Brontes Wuthering Heights,Drama,106,4,Fumi,Nikaido
106121,Mad at the Moon Restored,Horror,98,2,Charlize,Theron
103843,Jacknife,Drama,103,3,Daniel,J
103308,Alphabet City,Drama,118,5,Edward,Asner
103967,Jonestown Paradise Lost,Documentary,104,4,Isabella,Acres
101854,LincolnGettysburg,Documentary,95,5,Chris,Attoh
102622,Doubting Thomas,Drama,84,5,Dee,Bradley
103206,Ashish Shakya  Life Is Good,Comedy,35,4,Scott,Menville
101802,Love Liza,Arthouse,90,4,Matthew,Marsh
100945,Son of the Navy,Comedy,117,5,Vanessa,Kirby
105123,Cut The Rope Om Nom Stories  Learni,Animation,47,4,Michelle,Williams
101125,Rumble The Indians Who Rocked the W,Documentary,86,4,Antonio,de
104083,As It Happened Guadalcanal,Documentary,44,3,Amruta,Subhash
104692,Martin Lawrence Doin Time Uncut,Comedy,63,3,Cynthia,Kirchner
104645,Premonition,Suspense,118,3,Gina,Carano
104568,Phenix,Drama,86,2,Scout,TaylorCompton
102333,Glove And Boots  Goofs And Laughs,Comedy,34,4,Bernat,Quintana
105502,Love Of Fate The Law,Comedy,80,2,Jason,Sudeikis
104724,Maikol Yordan 2 The faraway cure,Comedy,72,2,Stu,Bennett
104510,LiveIn Maid English Subtitled,Comedy,106,3,Tienchi,Cheng
105295,Detective Byomkesh Bakshy,Suspense,109,5,Alex,Heartman
106059,Friends and Crocodiles,Drama,109,5,Grard,Depardieu
102434,Four Seasons Lodge,Documentary,86,2,Ricardo,Hurtado
105664,Borat Subsequent Moviefilm,Comedy,96,2,James,Brolin
101978,Kabadadaari,Suspense,49,4,Betty,White
105077,Itwaar,Comedy,15,3,Kate,Higgins
105518,Blue Demon Death Night,Action,116,5,James,Purefoy
100651,The Front,Comedy,95,4,Bisola,Aiyeola
101961,Katherine,Drama,97,3,Mu,Ramaswamy
102209,Hirokin The Last Samurai,Fantasy,106,2,Park,Narae
103098,Beowulf and Grendel,Action,104,3,Osamah,Sami
104419,Dead Or,Suspense,56,4,Tom,Rhys
105442,Juanes Origen,Music Videos and Con,51,5,Max,Pomeranc
105544,Deadly Passion,Drama,86,5,Jack,OConnell
102120,In My Dreams,Comedy,55,4,Carey,Mulligan
101932,Kingdom of Conquerors,Action,70,3,Joseph,Millson
102098,Inside the Law,Comedy,61,3,Rakesh,Varre
102275,Gullivers Travels Edited,Animation,75,2,Vishwaksen,Naidu
101135,Romola,Drama,98,2,Felix,Lobrecht
105945,JeanFranois and the meaning of life,Arthouse,85,5,Matthew,Wolf
100474,The Raveonettes,Music Videos and Con,48,4,Nicolette,Kluijver
105851,Lake of the Woods,Drama,94,5,Julia,Stiles
104299,A Wifes Nightmare,Drama,88,4,Christien,Anholt
104393,CRSHD,Comedy,81,3,Kent,Osborne
103960,My Dads Christmas Date,Comedy,91,3,Sachin,Khedekar
103414,A Haunting on Potter Street,Drama,77,4,Ryan,Hamilton
103419,A Girl Like Her,Drama,92,4,Montrail,Money
102844,Christmas in Mississippi,Drama,93,3,Armistead,Maupin
102214,High Voltage,Action,57,3,Ata,Demirer
105831,Aashiqui,Drama,82,4,Will,Ferrell
105035,Rudraksharam,Drama,59,5,Kyunggu,Seol
103141,Bastille  ReOrchestrated,Documentary,112,1,Stephen,Fry
102623,Double Daddy,Drama,76,4,James,Mathis
100925,Spirit Rider,Drama,91,5,Thomas,Jane
104497,Anu Menon Wonder Menon,Arts,69,3,Leon,Vitali
105086,Classmates,Romance,58,2,Sam,Rockwell
101660,Minesweeper,Action,66,5,Abdulmohsen,AlQaffas
101448,Octopus Volcano,Documentary,50,3,Virginie,Ledoyen
103680,Meeting Evil,Action,89,5,Michael,Che
102121,In Enemy Hands,Action,61,2,Ignacia,Allamand
106096,Corona,Drama,72,3,Pratik,Gandhi
103916,Bazodee,Arts,102,5,Prashantt,Guptha
102771,Crack in The Floor,Horror,90,4,Isabelle,Adjani
103787,Raising the Bar,Kids,97,1,Donnie,Yen
100996,Sing and Dance with Little Baby Bum,Kids,45,2,Pauly,Shore
103148,Barista,Documentary,102,3,Tahar,Rahim
104975,Gubbacchi Goravanka,Drama,118,5,Ritwick,Chakraborty
105943,Kaal,Suspense,89,2,Buakaw,Banchamek
102486,Field of Lost Shoes,Action,55,2,Francesco,De
103799,No Greater Love,Documentary,55,5,Guy,Pearce
100953,Solar Flare,Kids,93,5,Eddie,Murphy
104445,Hes Mine Not Yours,Comedy,104,3,Nathalie,Baye
104766,Rogue Cell 2 Shadow Warrior,Action,77,3,Nakhane,Tour
104294,Caught Up,Action,112,3,John,C
102969,Breathtaking Scenes from Around the,Special Interest,30,1,Quincy,Jones
103631,Hunt to Kill,Action,97,3,Neal,Brennan
104450,Devarakondalo Vijay Prema Katha,Comedy,117,5,Cut,Mini
100706,The Cowboy And The Senorita,Western,54,4,Yang,Tianxiang
104471,Bryan Callen Complicated Apes,Comedy,59,1,David,Duchovny
105635,Elyse,Drama,95,3,Jack,Whitehall
105212,Dream Visions,Drama,61,4,Harry,Styles
102886,Champ Against Champ,Action,91,5,Travis,Tope
101210,Rampage Capital Punishment,Action,93,4,Kai,Ko
101904,Lake Effects,Drama,96,1,Sam,Rockwell
103913,Black Hawk Down The Untold Story,Documentary,75,5,Joseph,GordonLevitt
103052,Black Seeds The History of Africans,Action,70,3,Kelli,Berglund
100106,Why We Fight,Documentary,99,2,Josh,Lucas
105966,Cinephile A Rising Voices Film,Drama,16,3,Kunal,Khemu
104606,A Night in Old Mexico,Action,104,4,Riteish,Deshmukh
102452,Flowers in the Attic,Horror,80,3,Alexandria,OcasioCortez
104139,Lea  Pop  Episodes  Kids Songs,Animation,49,3,William,Ackman
103909,Box Fan for Sleep,Special Interest,88,3,Evan,Todd
101257,Princesses Of The World,Documentary,93,4,Camilla,JoAnn
104374,Nocturne,Suspense,60,3,Denis,Leary
101369,Past Midnight,Romance,93,5,Henry,Cavill
104806,Lady Jane,Drama,112,3,Jordana,Beatty
101944,KiiYii  Learn ABCs 123s  More Nurse,Kids,98,3,Salman,Khan
101578,Mr Reckless,Action,69,1,Maged,El
105621,Nigahen,Drama,83,1,Jamie,Bell
101672,Mike Birbiglia My Girlfriends Boyfr,Arts,76,2,Rano,Karno
103063,Bing Crosby Rediscovered,Documentary,86,4,Katt,Williams
101416,One Special Night,Drama,93,2,Hannah,Emily
100987,Sitting Bull A Stone in My Heart,Documentary,62,4,Josephine,Langford
104672,HH Holmes Americas First Serial Kil,Documentary,65,2,Adeel,Hussain
102173,How We Got Gay,Documentary,43,2,Madhampatti,Rangaraj
100577,The Last Descent,Drama,105,3,Daniel,Faraldo
102133,Ice Spiders,Action,86,4,Colin,Firth
103102,Beneath the Leaves,Horror,83,5,Jay,Duplass
103090,Betty Davis  Betty They Say Im Diff,Documentary,106,5,Hannah,Gadsby
103069,Bill Hicks Revelations,Arts,118,5,Alia,Shawkat
103423,A Flying Princess and a Secret Isla,Anime,51,1,Victoria,Justice
100883,Storm Boy,Drama,99,3,Irrfan,Khan
105715,Gamera vs Viras,Science Fiction,81,1,Ramsey,Nouah
103821,Madness in the Method,Comedy,90,2,David,Sampliner
104155,Delightfully Dangerous,Arts,98,5,Nick,Broomfield
104077,Dark River,Drama,55,3,Black,Deniro
102438,Four,LGBTQ,85,2,Tony,Leung
100156,Walter Williams Suffer No Fools,Special Interest,96,4,Theo,James
106124,Kansas City Confidential,Drama,99,3,Nelly,Karim
100136,Western Gold,Military and War,56,4,Ajay,Devgn
101284,Polylove,LGBTQ,72,4,Takanori,Iwata
104902,Paradise Park,Arts,102,1,Sachin,Khedekar
101371,Passport to the World Route 66,Documentary,108,1,Adrien,Brody
103640,Drunk Wedding,Comedy,80,2,Narges,Rashidi
103412,A Hell of a Ride,Drama,110,1,Leonardo,Sbaraglia
101255,Prisoner X,Science Fiction,88,2,Taissa,Farmiga
103167,Bad Kids of Crestview Academy,Action,101,3,Abbi,Jacobson
102738,DL Hughley Reset,Arts,104,3,Jaylen,Barron
102759,Crips and Bloods Made in America,Documentary,94,5,Nadia,Ramlee
100686,The Eagle No Dialog,Action,118,3,Andrew,Wilson
101495,Nick Di Paolo Inflammatory,Arts,109,5,Adipati,Dolken
101148,Road Dogz,Action,96,3,Naomi,Watts
104012,Les Misrables,Drama,105,4,William,Powell
103826,Lost in the Sun,Action,96,4,Bill,Burr
104859,A quiet heart,Drama,94,4,Woody,Harrelson
106119,Molokai The Story Of Father Damien,Drama,89,2,John,Lloyd
100493,The Parallax View,Drama,102,5,Craig,Sheffer
104195,Learning With Little Baby Bum,Kids,14,5,Hedy,Lamarr
104338,Camp Arrowhead,Kids,82,1,Jack,Lemmon
101418,One Rainy Afternoon,Comedy,83,3,Nawazuddin,Siddiqui
100039,Yoga with Sound Meditations,Fitness,9,3,Winslow,Fegley
105018,Loli Paradicka,Comedy,112,2,Byunghun,Lee
100487,The Perfect Victim,Documentary,84,1,Jacob,Elordi
100140,Welcome to the Space Show English D,Anime,97,5,Sam,Heughan
104483,Ocean to Sky,Documentary,106,5,Sachin,Khedekar
100774,The African Queen,Adventure,105,5,Nicholas,Corda
103817,Marina Franklin Single Black Female,Arts,58,4,Jen,Kirkman
100271,Transmilitary,Documentary,106,4,Sonal,Kaushal
103108,Belle and Sebastian,Action,99,5,Tig,Notaro
104335,Escape Plan The Extractors 4K UHD,Action,88,5,Noriko,Shinohara
106129,Desire Q,Drama,82,2,Jesse,Eisenberg
100532,The Monopoly On Violence,Documentary,106,2,Big,Sean
101240,Pure the movie series 2,Drama,112,2,Binnur,Kaya
102637,Dodsworth,Drama,110,2,Sruthi,Hariharan
105819,Ed Hill Candy and Smiley,Arts,88,3,Greta,Gregory
100153,War Comes to America,Documentary,65,4,Aishwarya,Rajesh
100206,V Kannada,Action,118,4,Scott,Adkins
100204,V Tamil,Action,98,5,Charles,Grodin
104719,Rock On,Arts,118,5,Usain,Bolt
102877,Chavela,Documentary,93,1,Kandido,Uranga
104561,Ring Of Darkness,Horror,85,4,Katie,Couric
105981,Killer Assistant,Suspense,90,3,Michael,Gross
104771,Red Headed Stranger,Western,85,4,Suhasini,Mulay
101667,Mila and Morphles Magical Friends,Animation,42,3,Nick,Offerman
104694,Love Repeat,Comedy,108,2,Andy,Samberg
105692,Jappeloup,Action,90,3,Geoffrey,Rush
102431,Frances Ferguson,Comedy,104,2,Joe,Anderson
103617,More Than a Game,Documentary,97,5,Shah,Rukh
101793,Loyalty And Respect,Action,83,1,Amitabh,Bachchan
100977,Slate Wyn  Me,Action,90,1,Mikaela,Blake
104010,Meltdown,Action,101,3,Vinod,Khanna
102648,Disco Godfather,Action,98,2,Margaret,Qualley
104585,GenY Cops,Action,109,1,Amol,Palekar
102425,French Biriyani,Action,85,2,Saverio,Raimondo
103624,Life In A Year,Drama,31,3,Thomas,Blanchard
100045,Yoga for Relaxation Anywhere,Fitness,18,3,Vijay,Sethupathi
100285,Tormented,Horror,75,2,Faisal,Al
101812,Lost Holiday,Comedy,78,5,Ronda,Rousey
104787,Double Edge,Suspense,84,1,Lehar,Khan
103626,Jeff Dunham Very Special Christmas ,Arts,85,4,Leonardo,Sbaraglia
100211,Us the Duo Christmas Live in LA,Music Videos and Con,102,5,Haley,Lu
100560,The Little Foxes,Drama,116,3,Jacob,Latimore
105637,Dark Prince The True Story of Dracu,Horror,92,2,Aaron,Kwok
101569,Murder with Music,Drama,57,2,Fahad,Albutairi
101870,Lies  Alibis,Comedy,91,4,Nqobile,Khumalo
100728,The Bray Road Beast,Documentary,67,2,Yolanthe,Cabau
105596,Dantes Inferno an Animated Epic,Action,88,2,Harrison,Chad
100346,Thunder Alley 1985,Drama,101,5,Taapsee,Pannu
102955,Brothers OToole,Comedy,95,1,Rajat,Barmecha
103699,Agathe Clry,Comedy,111,1,Werner,Herzog
104971,Paquete 3,Comedy,85,3,Salman,Khan
105722,Evil Eye,Drama,89,1,Mark,Addy
101714,Matt Besser Pot Humor,Arts,70,1,Mohamed,Saad
102937,CC  Company,Action,118,5,Ashleigh,Ball
106056,Love Honour and Obey,Comedy,93,1,Liu,Kai
104654,A Most Beautiful Thing,Documentary,95,3,Nick,Swardson
105023,Jiang Ziya,Animation,109,1,Ahmed,Rizk
102705,Dead  Buried,Horror,94,3,Kay,Kay
102838,Circumstances 2,Action,79,1,Irrfan,Khan
105955,Flames A Rising Voices Film,Drama,13,1,Ginnifer,Goodwin
105296,Darr,Drama,55,5,Alex,Heartman
105291,Dilwale Dulhania Le Jayenge,Romance,96,2,Alex,Heartman
105297,Daag,Drama,96,4,Andrew,M
100917,Stagecoach  The Original John Wayne,Adventure,106,1,Jason,Statham
104136,Milk Money,Adventure,107,4,Ata,Demirer
105833,15 Killings,Horror,97,4,Russell,Tovey
105638,Brightheart Let Your Light Shine,Animation,84,1,Mischa,Barton
105640,Alag  He Is Different  He Is Alone,Drama,117,2,Tommy,Avallone
105995,Calm Like A Bomb,Action,82,5,Ben,Schwartz
101485,Night Falls on Manhattan,Drama,114,3,Freida,Pinto
105016,Max Cloud,Action,93,4,Emily,Blunt
102324,Go Fast Go North,Documentary,99,4,Kozo,Morishita
100296,Tone Bell Cant Cancel This,Arts,71,5,Kristen,Stewart
103229,Arc,Drama,83,2,John,Paul
104284,Idaho the Movie,Documentary,47,4,Julianne,Moore
100306,Tom Papa Freaked Out,Arts,60,4,Matilda,Lutz
101859,Light of My Life,Drama,78,4,Beln,Rueda
100655,The Forbidden Dance,Arts,97,2,Anna,Kendrick
100751,The Beach Boys An American Band,Documentary,97,2,Sedky,Sakhr
100173,Voyage Into Space,Science Fiction,55,2,Holly,Hunter
106081,Salt of the Earth,Drama,89,1,Carey,Mulligan
104791,Border Blues,Suspense,116,2,Jeremy,Scott
102916,Captured in Chinatown,Action,53,5,Amrinder,Gill
101220,Rain On Leaves short,Special Interest,88,5,Emily,Bader
100576,The Last Mile 1932,Drama,69,2,Kehinde,Bankole
101730,Married by Christmas,Comedy,86,5,Ahmed,Helmy
100160,Wallaby Jim of the Islands,Action,101,5,Asher,Bishop
104282,Keiko The Untold Story of the Star ,Documentary,75,3,Manoj,Bajpayee
104734,Confessions of an Action Star,Action,87,2,Bhargavi,Chirmuley
101873,Lewis Black Black to the Future,Arts,19,3,Sunny,Kaushal
101657,Minuscule Valley Of The Lost Ants,Animation,89,3,Mahmood,Bin
102833,Classic Baby Songs by Little Baby B,Kids,35,4,Marc,Maron
101739,Maria Bamford Weakness is the Brand,Arts,75,2,Adesua,Etomi
105397,Kruty 1918,Action,110,5,Belim,Bilgin
104514,Interlude,Comedy,14,1,Feng,Ku
102394,Gallagher We Need A Hero,Comedy,58,1,Kartik,Aaryan
102696,Deadly Vows,Drama,89,3,Yuki,Kaji
100427,The TagAlong 2,Horror,107,1,Maia,Morgenstern
104250,Home Sweet Hell,Drama,98,5,James,Marsden
101482,Nine Lives,Horror,86,2,Shiv,Pandit
102078,Its A Beautiful World,Documentary,89,5,Jimmy,Shergill
101674,Midnight Thunderstorm for Sleep 9 H,Special Interest,169,3,Yidd,Eslava
101139,Rolling Home,Action,93,3,Sophie,Thatcher
101178,Return of the Tiger,Action,93,1,Natalia,Dyer
101122,Running for Grace,Adventure,111,2,Lavinia,Wilson
100403,The Vast of Night,Drama,97,5,Halle,Berry
105590,Father of Invention,Comedy,58,5,Anil,Kapoor
100791,Terror By Night,Drama,56,2,OC,Ukeje
102754,Cruel Summer,Drama,80,2,Louis,Koo
104533,One of Her Own,Drama,88,3,Vince,Vaughn
100747,The Benefactor,Drama,93,3,Chad,Michael
100935,Soothing Surf at Carmel Beach for S,Special Interest,100,2,Franois,Cluzet
102682,Despite The Falling Snow,Drama,93,4,Bill,Hicks
104774,My Country,Drama,92,5,Saad,El
100757,The Asian Connection,Action,30,2,Jim,Carrey
102583,Eddie Griffin Undeniable,Arts,73,4,Zach,Galifianakis
100108,Whoop,Arts,90,5,Greg,Kinnear
101988,Just Friends,Comedy,84,2,Frank,Welker
102047,Jeff Dunham Achmed Saves America,Arts,80,2,Ayo,Makun
104379,Maguva disha marindhi,Drama,60,4,Emma,Bell
103269,An American Carol,Comedy,82,2,Julin,Arango
100565,The Legend of Swee Pea,Documentary,61,1,Erica,Wessels
102560,Eloise At The Plaza,Comedy,89,3,Artiwara,Kongmalai
101155,Ride,Comedy,64,5,Shabana,Azmi
106094,Dark,Action,27,4,Brittany,Snow
101798,Love Hope  Autism,Documentary,35,1,Shahid,Kapoor
102155,I Bury the Living,Horror,77,5,Victoria,Justice
100333,Timbertown,Drama,102,4,Genevieve,Nnaji
102861,Chinas New Silk Road,Documentary,53,2,Zach,McGowan
100980,Sky Dog,Action,109,2,YaYa,Gosselin
103007,Bold Caballero 1936,Western,69,3,Lily,James
103682,In the Electric Mist,Drama,102,4,Joyraj,Bhattacharya
100438,The Spirit of Christmas,Comedy,100,2,Iqbaal,Ramadhan
104604,Airline Disaster Crash of the Centu,Action,87,3,Vinay,Pathak
102186,Horse Tribe,Special Interest,87,1,Stephen,Fry
100871,Sufiyum Sujatayum,Drama,71,3,Vernica,Alva
101833,Living Well With Dementia,Special Interest,93,4,Tatsuhisa,Suzuki
100594,The Jupiter Enigma,Documentary,99,3,Tyrese,Gibson
105277,Kabali,Action,35,2,Trae,Ireland
105455,Joe  Joe,Arts,79,5,Samuel,West
103784,Resurrection of Jake The Snake,Documentary,97,5,Mick,Wingert
105147,Odd Squad  The World Turned Odd,Kids,44,1,Nicolas,Cage
100210,Us the Duo Christmas Live in LA  4K,Music Videos and Con,51,4,Matthew,Broderick
100991,Sing Dance and Learn with Little Ba,Kids,15,2,Ariana,Grande
103164,Badge of Honor,Action,84,2,Vincent,Elbaz
101165,Richard Lewis Magical Misery Tour,Arts,57,3,Sarah,Cooper
103866,Gallipoli,Action,112,4,Lee,Dixon
100805,Tear the Roof Off The Untold Story ,Documentary,117,2,Sedef,Avc
101145,Robert,Horror,94,4,Mark,Wahlberg
104101,Colorz of Rage,Drama,90,5,Kelly,Sheridan
103225,Aries Spears Comedy Blueprint,Arts,61,4,Mike,Smith
100280,Tough Guy The Bob Probert Story,Documentary,93,3,Ramez,Galal
104988,Hal King,Romance,114,2,Amitabh,Bachchan
103409,A Journey Around the Globe for Kids,Documentary,60,5,Oscar,Martnez
100326,Tio Papi,Kids,87,1,Bella,Thorne
103876,Everything and Nothing,Documentary,118,5,Lexi,Giovagnoli
104008,Morphle  My Magic Pet Shop  More An,Animation,76,2,Javicia,Leslie
105493,Second Life,Drama,70,5,Julian,Schaffner
100592,The Keeping Room,Action,102,4,Dylan,McDermott
104831,Once Upon a Time in the Apocalypse,Action,79,4,Prakash,Bare
100308,Tom Green Live,Arts,55,5,Daniel,Gimnez
105392,Road Head,Horror,66,3,Akshay,Kumar
104253,Go Buster by Little Baby Bum,Kids,26,5,PK,Nair
105087,A FRIENDSHIP,Drama,99,5,Trevante,Rhodes
106062,Dave Helem DJ The Chicago Kid,Arts,61,5,Ron,Perlman
105360,Cartoon Nursery Rhymes by Little Ba,Kids,32,1,Luke,Kenny
102848,Christine Jorgensen Story,Drama,89,4,Darsheel,Safary
105927,Pororo Musical  Pororo Bugs Adventu,Animation,20,2,Holly,Taylor
103235,Any Bullet Will Do,Action,118,1,Sandra,Escacena
100878,Strange Wilderness,Action,68,3,Hedi,Bouchenafa
103196,Attack The Battle Of New Britain,Special Interest,93,5,Chant,Adams
103924,Arjun Patiala,Comedy,106,5,Debra,Winger
101831,Llamageddon,Horror,61,4,Aniello,Arena
100946,Son of Monte Cristo,Action,96,1,Juan,Sebastin
102198,Home for the Holidays,Comedy,99,1,Sam,Dede
104290,Cycle,Drama,100,5,Ewan,McGregor
102905,Carriers,Drama,85,3,Morgan,Neundorf
104720,Prince of Central Park,Action,38,2,Jessica,Chastain
104999,Lionheart,Action,105,5,Ram,Gopal
100025,Zandalee,Drama,94,4,Denzel,Washington
100567,The Legend of Hallowaiian,Kids,91,2,Diaan,Lawrenson
102029,Jim Breuer Lets Clear The Air,Arts,63,1,Riteish,Deshmukh
105103,Prem Gajra Chilli Chicken,Action,19,2,Rajpal,Yadav
105327,Nursery Rhymes  Kids Songs by Go Bu,Kids,81,4,John,C
100615,The House of Suh,Action,90,2,Emile,Hirsch
101541,My Pal Trigger,Western,79,1,Mirai,Shida
101522,Nature Parrot Confidential,Documentary,53,4,Siddhu,Jonnalagadda
104394,Coimbatore Mappillai,Comedy,106,1,Sharlto,Copley
102902,Caseys Shadow,Action,116,1,Steve,Martin
105850,Mala Aai Vhhaychy,Drama,90,5,Jason,Patric
101138,Roman Holiday,Comedy,106,1,Guillermo,del
104938,Mitzi Gaynor Razzle Dazzle The Spec,Arts,106,4,Flynn,Curry
106050,Quit,Arthouse,89,4,Charles,Malik
105703,Monster From Green Hell,Horror,72,1,Woody,Harrelson
101931,Knights of Badassdom,Action,86,5,Willy,T
101204,Reaching for the Moon,Arts,91,5,Tamara,Smart
104320,Kadaram Kondan,Action,115,5,Phuong,Mai
105497,Riders In The Sky,Special Interest,97,3,Dolph,Lundgren
103018,Blue Thunder,Action,109,2,Priyanka,Chopra
102618,Dov Davidoff Lower Your Expectation,Arts,59,5,Rajeev,Anand
105603,Betting On The Bride,Comedy,86,3,Paige,Turco
104811,Dark Tourist,Drama,80,3,Mila,Kunis
103700,A Turtles Tale Sammys Adventures,Animation,86,4,Marc,Zinga
102772,Cowboy,Action,92,3,Luis,Gerardo
103440,A Beginners Guide To Endings,Comedy,92,4,Marta,Etura
102645,Dismissed,Drama,87,3,Franco,Masini
103644,Dead Man On Campus,Comedy,94,1,Fred,Tatasciore
102597,Duke Is Tops,Arts,75,5,Kajal,Aggarwal
103418,A Girl of the Limberlost,Drama,105,3,Lynne,Koplitz
101711,Max Steel Team Turbo,Animation,90,3,Eda,Ece
103099,Beowulf,Action,114,1,Franco,Escamilla
104147,Grandmas House,Drama,95,1,Ajay,Devgn
104955,Blacksmith,Documentary,16,1,Oliver,Masucci
103872,Falling for Christmas,Romance,86,1,Jake,Short
101968,Kanye West A Higher Power,Documentary,93,2,Tiffany,Tenille
105585,Gamera the Brave,Action,14,1,Johnny,Depp
104984,My Blind Brother,Comedy,85,3,Daniela,Ramrez
102578,Edison,Documentary,70,1,John,Lloyd
101846,Little Baby Bus And Friends,Kids,21,2,William,Lodder
105688,Patang,Drama,86,5,Prisia,Nasution
100602,The Irish Comedy Tour,Arts,57,2,Ben,Stiller
104247,Lady Bloodfight,Action,100,3,Dennis,Chan
105235,As It Happened Tarawa,Documentary,118,1,Hilary,Swank
101282,Porkys II The Next Day,Comedy,94,3,Takanori,Iwata
104813,Brother Nature,Adventure,31,2,Stephen,Chow
102936,CHUD,Fantasy,81,2,Ashleigh,Ball
104245,Led Zeppelin Dazed and Confused,Documentary,57,2,Daniel,Craig
103974,Dark Alibi  Sidney Toler As Charlie,Action,88,4,Haluk,Bilginer
102556,Emmas Chance,Drama,93,2,Anne,Curtis
101851,Lisa Loeb Nursery Rhyme Parade,Kids,33,5,Marc,Maron
105154,Forgotten Ellis Island,Documentary,57,1,Paz,Bascun
105021,Kadhal Paravgal,Drama,14,3,Jerry,Lewis
104793,Beauty Queen Butcher,Horror,118,1,Hugh,Bonneville
104402,Adrift In Soho,Drama,108,5,Katie,Holmes
103931,Against A Crooked Sky,Adventure,89,5,Laura,Flannery
102573,Ek Baar Kaho,Drama,73,1,Vice,Ganda
104485,Mrs Pollifax Spy,Comedy,55,3,Denzel,Washington
103058,Black Jesus,Drama,86,5,Mario,Casas
105710,Gila,Horror,91,4,Lily,James
102156,I am the Flash,Action,8,4,Garrett,Ryan
102582,Eddie Pence The Unspecial Comedy Sp,Arts,62,2,John,Lloyd
103170,Bad Asses on the Bayou,Action,85,3,Ram,Dass
103676,Never Surrender A Galaxy Quest Docu,Documentary,87,1,Linas,Phillips
106015,Black Bud,Arthouse,90,3,George,Clooney
103810,Mine Games,Horror,94,2,Mark,Duplass
104094,Mummy Dearest,Horror,95,4,Theeradej,Wongpuapan
102630,Don Q Son of Zorro Silent,Action,96,1,Arya,Babbar
101832,Liz Stewart Im Crowning,Arts,50,5,Omar,Epps
102544,Ernest Cole,Documentary,70,5,Jimmy,Carr
104589,Elliott Morgan Holy Sht,Arts,55,2,Aaron,Pedersen
105017,Majili Kannada,Drama,98,2,Shabana,Azmi
104587,Escape from a Nazi Death Camp,Documentary,55,2,Pierce,Brosnan
104236,Rio Grande,Western,105,3,Virginia,Madsen
105960,Dont Look Back,Drama,82,3,Richard,Kind
101411,Operation Atlantis,Drama,92,1,Ken,Jeong
103561,12 Rounds 3 Lockdown,Action,90,4,Maribel,Verd
102464,Five Fingers of Death,Action,106,5,Bren,Brown
103135,BBC Television Shakespeare The Temp,Arts,98,2,Imanol,Arias
102446,For The Love Of Jessee,Drama,95,2,Zac,Efron
101713,Matt Braunger Big Dumb Animal,Arts,66,5,brahim,Bykak
103055,Black Pumpkin,Horror,91,2,Francisca,Lozano
102085,Iron Cowboy The Story of the 505050,Documentary,97,1,Emilian,Oprea
101298,Pit Stop,LGBTQ,81,2,Lizzie,WaterworthSanto
102030,JillMichele Melen White  Latina,Arts,62,1,Aamir,Khan
103448,8 Hours of Waves for Sleep,Special Interest,112,3,Jessica,Williams
104095,Jeremiah Watkins Family Reunion,Arts,38,2,Johan,Cruyff
104835,Living with the enemy,Drama,89,1,Kevin,Hart
102545,Erik Griffin AmERIKan Warrior,Arts,58,3,Hussain,Al
100379,The Worlds Most Peaceful Resorts,Special Interest,60,4,Will,Smith
105419,Monarch,Drama,87,4,Madhura,Velankar
104086,A Room Full of Nothing,Comedy,86,2,Maurice,LaMarche
100232,Uncaged,Horror,108,3,Christian,Bale
104721,Paranormal Investigation Agency,Horror,69,5,Maris,Degener
103172,Bad Ass,Action,90,2,Michael,Angarano
102899,Catch22,Action,102,5,Graham,Chapman
102818,Close Range,Action,85,3,Shen,Lin
102617,Down 2 Come Up,Drama,117,5,Sam,Gittins
104034,Bejeweled Fishes,Documentary,56,1,Swara,Bhaskar
101424,One Hour of Gorgeous Calming Nature,Special Interest,60,2,Gil,Alexandre
101726,Mary Higgins Clarks Pretend You Don,Drama,96,4,Jean,Dujardin
104594,Crown Heights,Drama,100,3,Kari,Alison
100944,Song Of Arizona,Arts,55,3,Bronwen,Mantel
105832,3rd Class,Romance,93,5,Steve,Coogan
103863,Girls Just Want to Have Fun,Comedy,87,1,Sadiq,Daba
105280,Jab Tak Hai Jaan,Drama,40,3,Hctor,Anglada
105587,Gamera 2 Attack of the Legion,Action,100,2,Paul,Dano
100147,Watermelon Man,Comedy,100,1,Brigitte,Kali
104667,Meteor Moon,Action,88,3,Mallika,Sherawat
102756,Crooked House,Drama,90,1,Jacky,Cheung
105737,Pinocchio 2020 4K UHD English Subti,Drama,112,5,James,Caan
100584,The Kindness of Strangers,Drama,115,3,Suvinder,Vicky
101494,Nick Di Paolo Raw Nerve,Arts,46,3,Nasim,Pedrad
102836,City of Ghosts,Documentary,92,3,Rani,Mukerji
102035,Jermaine Fowler Give Em Hell Kid,Arts,57,5,Abhishek,Bachchan
103466,36 Husbands,Comedy,19,2,Shammi,Kapoor
105223,Sandeep Aur Pinky Faraar,Drama,60,3,Zhang,Yi
101453,Nursery Rhymes Volume 8 by Little B,Kids,64,1,Urzila,Carlson
100999,Sinful Davey,Comedy,95,5,Mohd,Syafie
102342,Girls in Chains,Suspense,118,5,Donnie,Yen
101665,Millie,Drama,109,2,Akshay,Kumar
104135,My 3 Boys,Drama,85,2,Ron,Moody
103117,Because I Love You,Action,86,1,Joey,King
100315,Todo Incluido,Comedy,100,3,Iva,Pazderkov
105605,Adavi,Action,114,3,Katrina,Kaif
100074,Words On Bathroom Walls,Drama,15,2,America,Young
103344,Aidas Secrets,Documentary,95,1,Jack,Whitehall
106112,SALOME,International,86,1,Supanart,Jittaleela
105706,Kabullywood,Drama,85,4,Martin,Freeman
104009,Mickey,Comedy,95,2,Rez,Kempton
103439,A Box for Rob,Drama,102,4,Chadwick,Boseman
105624,Mixed Up,Action,106,3,Michael,Douglas
101656,Miracle Dogs Too,Drama,52,5,Anil,Kapoor
105866,Back to Gaya,Action,88,4,Ken,Foree
104588,En Jeevan Paduthu,Drama,91,4,Slick,Woods
104353,Lucky Number,Comedy,57,3,Aftab,Shivdasani
100349,Thrissur Pooram 4K UHD,Action,112,5,Chris,Evans
102220,Hesburgh,Documentary,14,5,Gen,Hoshino
105294,Dhoom2,Action,101,3,Andrew,M
105496,Sabretooth,Horror,84,2,Drew,Sidora
102189,Hope Ranch,Kids,93,4,Sharlto,Copley
102539,ETs Among Us UFO Witnesses and Whis,Special Interest,91,4,Kathryn,Bernardo
103918,Babe Ruth Story,Documentary,54,4,Mahira,Khan
104922,Blowfly Park,Arthouse,92,1,Daniel,Amerman
101191,Redeemer,Action,88,2,Flavia,Bechara
105713,Gamera Guardian of the Universe,Action,95,5,Jene,LaMarque
104325,I Hate Kids,Adventure,89,3,Paul,Newman
100453,The Silencing 4K UHD,Suspense,97,1,Troy,Garity
102478,Finally Bhalobasha,Drama,114,2,Rahul,Bose
104701,Cornered,Comedy,90,5,Jim,Carrey
101154,Riders of the Rockies,Western,72,1,Chris,Attoh
103140,Batla House,Action,91,5,Stephen,Fry
102240,Heal,Documentary,90,2,Jeff,Daniels
103778,Satyameva Jayate,Action,112,4,Jack,Black
103182,Baby Pirates  The Golden Statue,Animation,99,2,Shah,Rukh
105013,NWA  EazyE Kings of Compton,Documentary,80,5,Manny,Pacquiao
104534,My Month with Mrs Potter,Drama,112,3,Jason,James
102522,Face your Fears  Thriller shorts fo,Horror,86,4,Angelica,Panganiban
104949,Dream Boy,Comedy,118,4,Guy,Pearce
103786,Remember The Sultana,Documentary,96,5,Ricardo,OFarrill
105107,No Witnesses,Drama,101,5,Marlon,Brando
100874,Striking Range,Action,68,5,Emayatzy,Corinealdi
103452,7 Minute Yoga Nidra for Focus,Faith and Spirituali,7,3,Marcel,Borrs
101429,Once a Marine,Action,60,3,Hannah,Marks
103798,Operation Toussaint,Documentary,82,1,Kristen,Bell
101423,One Hour of Soothing Sights and Sou,Documentary,112,1,Bovi,Ugboma
102837,Citizen K,Documentary,118,5,Abhay,Deol
104540,100 Earthquake,Science Fiction,57,1,Alycia,DebnamCarey
106064,Arjun Anu,Action,40,1,Harrison,Ford
103449,8 Hours of Gentle Soothing Surf for,Special Interest,118,4,Joe,Mande
104916,Ghar Pe Bataao,Romance,90,5,Helen,Mirren
103262,Andrew Dice Clay One Night with Dic,Arts,46,4,Ricardo,Quevedo
104436,Red Rage,Action,94,5,Kishore,Kadam
104140,Kickin It Old Skool,Action,80,5,Anil,Kapoor
104581,Hell House LLC,Horror,91,1,Vincent,Zhao
105417,Noahs Ark,Animation,68,2,Diljit,Dosanjh
101743,Maos Last Dancer,Arthouse,118,4,Mfit,Can
102046,Jeff Dunham All Over The Map,Arts,84,2,Ryan,Reynolds
100813,Tarzan And The Trappers,Action,70,2,P,Samuthirakani
101185,Relaxing Water,Arthouse,88,5,Georges,Khabbaz
106130,Dark Corners,Suspense,98,2,Tim,Allen
106122,Love Land,Drama,101,2,Qiu,Yuen
104125,Queen Mercury Rising,Documentary,55,4,Anne,Hathaway
104881,Killing Eva Braun,Drama,59,3,Rosario,Dawson
105425,For My Daughters Honor,Drama,88,2,Luka,Kain
104342,Blippis Educational Adventures,Kids,64,5,Tini,Tom
104794,Angel Heart,Horror,81,5,Jewel,ThaisWilliams
104595,Compulsion,Drama,15,5,Ahmed,Eid
105505,Lily Is Here,Drama,94,2,Sharon,Stone
104494,Do You Wanna Dance,Comedy,104,3,Dakore,Akande
104438,Officer,Action,116,2,Aaron,Eckhart
103878,Evening Rain for Sleep 8 hours,Special Interest,110,3,Steven,Strait
100044,Yoga Savasana Relaxation,Fitness,87,2,Sumriddhi,Shukla
104076,Domestic Disturbance,Drama,89,4,Missy,Peregrym
103830,Left Behind World at War,Action,95,3,Wyatt,Cenac
100348,Thugs Of Hindostan Hindi,Action,72,4,Stan,Nze
100351,Three Wishes,Adventure,88,4,Helen,Mirren
101834,Living and Dying,Action,90,3,Malik,Nejer
105115,I Am Watching You,Suspense,40,1,Gaspard,Schlatter
101146,Rob Schneider Soy Sauce and the Hol,Arts,60,1,Christopher,Abbott
100142,Welcome To Kutshers The Last Catski,Documentary,70,2,Sendhil,Ramamurthy
102565,Elephant Song,Drama,100,1,Debby,Ryan
100795,Templar Nation,Adventure,84,2,Taylor,Kitsch
104454,Ashby,Comedy,103,2,Naseeruddin,Shah
100394,The Wild Horse Redemption,Documentary,97,1,Helen,Mirren
103333,Alien Code,Science Fiction,81,4,Alain,Hernndez
103024,Bloodrayne The Third Reich,Action,68,1,Imran,Khan
105183,Leave No Trace,Drama,109,2,Aaron,TaylorJohnson
101592,Mouse On The Moon,Comedy,85,4,Mohamed,Emam
105376,Free Byrd,Comedy,89,5,Brie,Larson
100000,Sinbad Make Me Wanna Holla,Arts,90,1,Michael,Rajoli
102331,Go Buster  Awesome Songs,Kids,95,4,Chris,Evans
103207,Asha Jaoar Majhe NonEnglish Dialog,Drama,38,4,Jared,Leto
101523,Nature Cold Warriors Wolves and Buf,Documentary,64,2,Salman,Khan
105469,Changeland,Comedy,86,3,Abhishek,Bachchan
104874,Rock the Casbah,Comedy,99,5,Damandeep,Singh
103192,Avas Possessions,Comedy,87,5,Mary,Joy
102577,Educational Songs for Toddlers  Lit,Kids,33,3,Bea,Alonzo
106098,Charade,Comedy,113,3,Kevin,Costner
105822,Crucified,Horror,72,1,Leslie,Nielsen
104691,Scary Bride,Horror,72,2,Christian,Bale
102748,CulDeSac,Drama,100,2,Lisa,Teige
100893,Stick Man,Adventure,27,1,Chris,Farley
104146,Grateful Dawg,Documentary,55,1,Akshay,Kumar
105630,Inmate Zero,Horror,107,1,Kurt,Russell
104241,New Classic Nursery Rhymes by Littl,Kids,27,3,Cate,Blanchett
104134,My Pet Dinosaur,Action,94,3,Nick,Whitaker
104566,Raccoon Valley,Drama,72,2,Carmen,Electra
105842,Sacrilege,Horror,97,3,Evan,Peters
103366,Ablaze,Action,30,2,Jose,Coronado
102368,Gentle Midnight Rain black screen 9,Special Interest,52,3,Vidya,Balan
104256,Dirty,Drama,97,1,Nagesh,Bhonsle
104165,Beautiful Sunrises and Sunsets with,Documentary,60,3,Dawnisha,Halfkenny
104506,Saina,Drama,118,5,Antonia,Thomas
100200,Valley Uprising,Action,98,1,Genevieve,Nnaji
102908,Carolina Low,Action,102,5,Deep,Joshi
104329,Gelo,Drama,118,3,Sarah,Butler
101910,Ladies in Lavender,Comedy,104,1,Piotr,Cyrwus
105971,Blanc de Blanc,Drama,116,3,Johnny,Depp
105268,Marriage of Lies,Suspense,90,1,James,Corden
103009,Bodysnatchers of New York,Documentary,44,2,Zion,Clark
100840,Survivors Guide to Prison,Documentary,103,2,Parineeti,Chopra
104877,Mr Weekend,Drama,94,1,Damandeep,Singh
103227,Arctic Daughter A Lifetime of Wilde,Documentary,87,2,Mike,Smith
100347,Thunder Alley 1967,Action,89,3,Christian,De
100702,The Curse Of Hobbes House,Horror,99,3,Saurav,Chakraborty
103022,Blue Hawaii,Arts,85,3,Shahid,Kapoor
101877,Les Savy Fav,Arts,55,1,Billie,Joe
102211,Highlander The Source,Action,55,5,Arnold,Schwarzenegger
103142,Bastards Crossing,Western,85,2,Stephen,Fry
102970,Breathing Fire,Action,85,2,Rafinha,Bastos
104331,Firesign Theatres Hot Shorts,Comedy,64,4,Sandra,Bullock
102997,Bornoporichoy,Drama,102,2,Joseph,Vijay
105043,Lalaloopsy Band Together,Animation,45,5,Peter,Firth
101475,Nomads Of The North,Drama,78,4,Ajay,Devgn
105062,8 Days,Suspense,91,5,Kaniehtiio,Horn
103914,Bill Hicks Relentless,Arts,60,2,Herjunot,Ali
102413,Fun And Games With Little Baby Bus,Kids,61,2,Anwulika,Alphonsus
102917,Captain Scarlett,Adventure,78,1,Nandu,Madhav
105020,Lewberger Live At Lincoln Hall In C,Arts,89,1,Sudhir,Joshi
102325,Go Buster Tunes by Little Baby Bum,Kids,101,3,Adriana,Paz
103236,Anthem of a Teenage Prophet,Drama,15,3,Alexander,Skarsgrd
103381,A Turtles Tale 2 Sammys Escape from,Animation,112,1,Suki,Waterhouse
104061,Intruders,Drama,90,5,Parker,Jackson
104096,Grey Eyes,Action,105,3,Naseeruddin,Shah
100952,Soldier of Night,Drama,90,3,Rene,Zellweger
102151,I Had a Bloody Good Time at House H,Comedy,80,2,Mason,Vale
104940,Mitzi NBC 1968,Arts,52,3,Adam,Sandler
100352,Three Guys Named Mike,Comedy,86,1,JeanClaude,Van
101701,McLintock,Comedy,90,5,Danilo,Mesquita
100535,The Missing Corpse,Comedy,61,5,Agustn,Aristarn
105331,Knives Out 4K UHD,Comedy,40,4,Hyun,Bin
103126,Beaten,Drama,59,4,Danna,Paola
102052,Jay Mohr American Treasure,Arts,64,3,Richard,MofeDamijo
101589,Movie10y,Drama,5,2,Mohamed,Henedi
104072,Escape Plan the Extractors Aka Esca,Action,88,4,etin,Tekindor
103964,Meet My Valentine,Drama,89,4,Abir,Chatterjee
101452,Nursery Rhymes Volume 9 by Little B,Kids,86,3,Valerio,Mastandrea
106085,Man of Tomorrow Prisoner 984,Drama,69,1,Judy,Davis
101389,Pancho Villa,Action,73,5,Teresa,Gallagher
103425,A Fathers Son,Drama,96,2,Mximo,Hollander
100823,Takatak,Comedy,31,5,Takaya,Kamikawa
105805,Mary Higgins Clarks Before I Say Go,Drama,89,2,Jerzy,Radziwiowicz
101729,Marshalls Miracle,Drama,86,2,Asser,Yassin
104352,Alison,Documentary,95,1,Charlize,Theron
101687,Melinda Hill Inappropriate,Arts,61,5,Adama,Niane
103028,Blood Bath 1966,Horror,62,1,Ajay,Devgn
100709,The Court Jester,Action,101,5,Seun,Ajayi
101156,Rickover The Birth of Nuclear Power,Documentary,115,4,Lannick,Gautry
100137,West of Nevada,Action,118,5,Akshay,Kumar
102592,Ear Buds The Podcasting Documentary,Comedy,106,4,Kevin,James
100042,Yoga to Break Any Habit,Special Interest,86,2,Sola,Sobowale
105234,Dope Fiend,Drama,88,3,Meenakshi,Dixit
104562,Reversion,Action,99,4,Christopher,Showerman
101526,National Lampoons Snatched,Comedy,54,1,Tripti,Dimri
105658,Jesse Stone Stone Cold,Action,86,5,Kareem,Mahmoud
104843,Frank  Fearless,Comedy,108,3,Alain,Moussi
103833,Kiss the Bride,Drama,81,4,James,Cameron
104198,Fantastic Learning Songs  Little Ba,Kids,52,1,Amitabh,Bachchan
103230,Appointment in Tokyo,Special Interest,54,2,Barun,Sobti
106055,Loving Miss Hatto,Drama,68,2,Halina,Buynooza
105736,Pinocchio 2020 English Subtitled,Drama,75,3,Zachary,Spicer
101455,Nursery Rhymes Volume 4 by Little B,Kids,89,5,Andr,Odendaal
104883,Fack Ju Goehte  Suck Me Shakespeer,Comedy,89,3,Stephen,Chow
102690,Death Ship,Horror,91,4,Sam,Kinison
104539,Address Unknown,Action,96,4,Jared,Padalecki
103512,16 Minute Chakra Garden Meditation,Special Interest,96,3,Takahiro,Sakurai
103354,Adventures of Kii  Yii  Little Baby,Kids,106,4,Ahmad,Thaher
100984,Sketchy Behaviour,Arts,64,3,Nils,dAulaire
100882,Storytime with Mila and Morphle,Animation,89,1,Blanche,Gardin
106014,Butch Bradley From Las Vegas,Arts,45,4,Kinda,Allouch
105718,Gamera vs Guiron,Science Fiction,97,3,Gregorio,Duvivier
103796,Padi Padi Leche Manasu,Drama,76,1,John,Mulaney
100208,Useless,Drama,90,1,Bill,Hader
100168,Waiting for Anya,Action,109,4,Ludovica,Francesconi
104122,Runaway 1984,Action,100,2,Faizon,Love
104181,13th Locker,Drama,103,2,Cate,Blanchett
101394,Padmaavat,Drama,94,1,Janhvi,Kapoor
100866,Sundown,Drama,88,4,Ini,DimaOkojie
105079,Gaurav Gupta Market Down Hai,Comedy,50,2,Laura,Bailey
102846,Christmas Coupon,Comedy,93,2,Shreyas,Talpade
102399,Gallagher Over Your Head,Comedy,48,3,Aenne,Schwarz
105332,Herself,Arthouse,31,1,Subodh,Bhave
105535,Quiet Room Bears,Horror,48,5,Antonio,Banderas
105964,Comfort A Rising Voices Film,Drama,14,4,Justin,Deeley
101446,Odd Squad Odds and Ends,Kids,47,2,Ramsey,Nouah
102488,Feud of the West,Western,63,1,Liss,Pereira
104520,CLIMAX,Comedy,77,4,Robert,Kazinsky
103365,About Alex,Comedy,84,4,Goo,Jin
101561,My Clients Wife,Drama,91,4,Hairul,Azreen
106093,Domino,Action,95,2,Charlie,Luxton
106005,Pattam,Drama,86,3,Rooney,Mara
101809,Louisiana Story,Adventure,85,1,Sladen,Peltier
105741,My Magic Halloween with Mila and Mo,Kids,40,5,Selva,Rasalingam
104699,Dead Voices,Horror,112,1,Slavoj,Zizek
105968,Chakwa,Suspense,40,2,Gong,Yoo
102351,Gil Manteras Party Dream,Music Videos and Con,55,4,Max,von
106051,Punarjagran,Drama,99,5,Hugo,Silva
104350,Look Away,Drama,103,5,Riya,Sen
104563,Relaxing Beach Campfire 8 hours,Documentary,86,1,Jonah,Hill
105925,Race Against Time The Search for Sa,Drama,91,5,Enyinna,Nwigwe
104003,Out of Mind Out of Sight,Documentary,88,5,Emma,Thompson
105574,Last Call For Titan,Documentary,52,3,Owen,Campbell
100464,The Romantics,Comedy,97,5,Marlon,Wayans
104149,Frances,Drama,82,1,Joey,Kern
104573,Morphle  Adventures of Mila and Mor,Animation,51,1,Nana,Patekar
101785,Lusitania,Action,102,1,Dilip,Kumar
102925,Camp Cool Kids,Kids,104,5,Jackie,Shroff
103975,Chhalaang 4K UHD,Comedy,117,5,Cole,Hauser
105879,Narbachi Wadi,Comedy,119,2,Robert,De
101253,Problems,Arts,68,5,Baraa,Alem
102217,Hidden Poland,Special Interest,91,5,Gbenga,Titiloye
104959,Atma Vasikaranam,Drama,113,5,Brave,Williams
101439,Of Two Minds,Documentary,90,4,Hong,Bumki
104557,Secret Lives,Romance,106,4,Emir,Mahira
103782,Robinson Crusoe,Action,89,1,Paul,Reubens
105227,Major Ajay Krishna,Action,96,2,Jessica,De
100975,Sleepytime Gorilla Museum,Comedy,55,5,Samuel,L
102184,Hot Buttered Rum,Music Videos and Con,38,3,Jakob,Dylan
104983,Obsessive Comedic Disorder,Arts,80,5,Steve,Madden
101733,Marriage Counseling Films,Documentary,95,1,Bunga,Citra
105546,BalaMitra,Suspense,101,2,Will,Ferrell
101442,Oddbods  Halloween Special,Animation,55,5,Donnie,Yen
102631,Dominique Witten Stop Me When Im Ly,Arts,90,3,Imran,Rasheed
103801,Nightjohn,Drama,91,1,Idris,Elba
104204,Come On Tarzan,Western,101,5,Alex,Russell
104523,ALL FIRED UP,International,103,2,Justin,Fashanu
104735,Capturing the Light,Special Interest,30,1,John,Cusack
104733,Diablo,Action,100,1,Donnie,Yen
100082,Woke Up Like This,Comedy,104,1,Danny,Aiello
104783,Ghetto Dawg,Drama,98,1,Chi,Tai
104728,How to Catch A Serial Killer,Documentary,45,2,Preechaya,Pongthananikorn
101789,Lucky Texan,Western,86,1,Sanjay,Dutt
100260,Truck Tunes 2,Kids,97,1,Vatsal,Dubey
106092,Doors,Science Fiction,84,5,Nicolas,Cage
101497,Nic Hamiltons Racing Dream,Documentary,50,3,Jackie,Appiah
104513,Jack And The Beanstalk,Comedy,82,4,Braeden,Lemasters
102717,Darbar Telugu,Action,85,4,Samyuktha,Menon
104862,15 Minute Forest Stream Meditation,Special Interest,15,1,Morgan,Freeman
103911,Block Burning,Action,57,4,Anton,Yelchin
105118,Good Kisser,Comedy,75,4,AiAi,de
102606,Dressed To Kill,Drama,90,4,Lucky,Ali
100657,The Flaw,Special Interest,81,3,Olu,Jacobs
105816,Helena,Drama,97,2,George,Clooney
102197,Home Sweet Home,Comedy,112,4,Charlie,Shotwell
101100,SANDPAPER,Drama,72,5,Sharon,Cuneta
105191,Blood Pi,Horror,91,2,Daniel,Ewing
102614,Dr Heckyl and Mr Hype,Comedy,91,1,Sam,Cooke
103146,Barry Brewer Chicago Im Home,Arts,78,1,Paco,Len
103895,Crazy Kind of Love,Comedy,90,3,Miles,Teller
105963,Craig Ferguson Im Here To Help,Arts,98,3,Hector,Elizondo
103618,Miltons Secret,Drama,88,5,Nawazuddin,Siddiqui
104873,Samayam Ledhu Mithrama,Comedy,24,3,Damandeep,Singh
105629,Joyful Praise,Comedy,52,4,lvaro,Ogalla
102057,Janeane Garofalo If I May,Arts,65,1,Loretta,Devine
104946,Golmaal,Comedy,78,1,Werner,Herzog
105418,Nice Package,Action,84,3,Jaswinder,Bhalla
100095,William Lee Martin Standing in the ,Arts,89,2,Amanda,Seyfried
103556,15 Minute Ocean Sleep Visualization,Special Interest,100,2,Eduardo,Noriega
102117,In Search of Mozart,Documentary,102,1,Iliza,Shlesinger
105893,Assamiyin America Payanam,Comedy,86,1,Jan,Nowicki
105116,House Of Setnakht,Horror,86,3,Tara,Strong
102122,In Dreams,Horror,108,2,Alicia,Vikander
105308,Aamhi Doghi,Drama,15,5,Anil,Kapoor
103558,15 Minute Mountain Sleep Visualizat,Faith and Spirituali,15,4,Miguel,Rodarte
104316,Old MacDonald Had a Farm  More Kids,Animation,42,3,Ajay,Devgn
102348,Gina Yashere Laughing To America,Arts,68,4,David,Harbour
102053,Jaws of Justice,Action,54,5,Jack,Whitehall
103958,Olympia,Comedy,94,1,Mehmet,Gnsr
102476,Finding Altamira,Drama,94,5,Kay,Kay
102996,Boss,Action,52,2,Ayushmann,Khurrana
103105,Beneath,Horror,90,1,Fernando,Sanjiao
101471,Notebook,Drama,101,1,Akshay,Kumar
100008,Grease Live,Comedy,64,2,Freida,Pinto
102066,Jackpot Telugu,Action,106,1,Amber,Frank
102674,Dhoom,Action,98,3,Graham,Chapman
104279,Manchild The Schea Cotton Story,Documentary,79,1,Catherine,Hicks
105204,Mango Dreams,Adventure,92,5,Sweety,Pala
102432,Frame 313  The JFK Assassination Th,Documentary,114,1,Lily,Tomlin
102567,Elayne Boosler Party of One,Arts,63,2,Maxwell,Simba
103630,Inside Out,Suspense,95,1,Josh,Peck
105619,Ratsasan,Action,35,2,Sam,Ashe
100943,Song Of Texas,Action,53,2,Anisa,Rahma
104856,Afternoon Delight,Comedy,98,3,David,Elliot
106012,Gho Gho Rani,Drama,100,4,Terence,Stamp
102178,House on Haunted Hill in Color,Drama,76,1,Nehir,Erdoan
104375,Night of the Bear,Animation,77,3,Will,Brittain
104789,Childs Play,Drama,81,1,Jason,Mewes
104403,Acquainted,Drama,102,5,Davide,Carrera
102688,Debra DiGiovanni Single Awkward Fem,Arts,52,5,Gina,Yashere
104000,Romeo Vs Juliet,Comedy,48,1,Ashley,Pereira
104954,Breach,Action,94,5,Stephen,Chow
101102,San Fernando Valley,Western,53,5,Kanto,Shimokura
101960,Kathleen Madigan Madigan Again,Arts,60,3,Fortune,Feimster
100737,The Black Candle,Drama,84,5,James,Marsden
100586,The Kill Team,Action,88,1,David,Spade
101281,Porkys Revenge,Comedy,93,5,Kenjiro,Yamashita
104511,LET THERE BE LIGHT,Comedy,14,2,Greg,Kinnear
105951,Gretchen  The Tragedy,Drama,14,4,James,Stewart
102110,INFIDELITY,Drama,107,2,Mike,Birbiglia
100049,Yoga for Mens Health,Fitness,60,4,Funke,Akindele
105504,Little Did He Know,Comedy,97,3,Billy,Bob
101627,Money Kings,Drama,99,3,Said,Saleh
105746,Josh Blue Sticky Change,Arts,52,1,Seth,Rogen
102835,City of Joel,Documentary,83,1,Roshan,Prince
104580,How to Steal a Dog,Drama,110,1,Lori,Singer
104696,Immortal Combat The Code,Action,80,3,Adam,Sandler
100978,Slappy and the Stinkers,Comedy,78,4,Anil,Kapoor
105852,Konga TNT,Science Fiction,106,3,Anika,Noni
103925,ARIZONA BUSHWACKERS,Western,86,5,Tom,Fassaert
102258,Happy Hour,Comedy,93,2,Ouzhan,Ko
102216,Hiding Out,Action,64,5,Sam,Worthington
104287,Happy Go Lucky 1936,Comedy,53,1,Rachel,Boston
105494,Santo The Fury Of The Karate Master,Action,86,3,Milene,Vzquez
102381,Gatling Gun,Western,105,1,Niklas,Bruhn
102504,Farmland,Documentary,77,3,Cynthia,Dankwa
103891,Day of the Falcon,Action,90,2,Darlene,Love
104209,Blondie Maxwell Never Loses,Action,87,2,Joseph,GordonLevitt
103679,Miss Meadows,Drama,88,3,Olga,Breeskin
103642,Diana Her True Story,Drama,117,3,Troy,Baker
103472,30 Minutes of Water in Nature,Special Interest,30,4,James,Franco
105503,Love Of Fate Amore Fati,Comedy,52,4,Alexa,PenaVega
100860,Sunshine Hotel,Documentary,99,5,Jeni,Ross
105519,Blanco,Drama,87,5,Thomas,Mann
104593,Cup of Love,Comedy,90,2,Ethan,Hawke
102866,Chikati Gadilo Chithakotudu,Comedy,107,4,Gang,Dongwon
105929,Pororo Movie  Pororo  Loopys Advent,Animation,106,4,Evelin,Hagoel
106114,Royal Wedding,Arts,55,1,Harley,Quinn
103956,Peterloo,Drama,40,2,Debs,Howard
103061,Birdy,Arthouse,102,5,Felipe,Esparza
104970,Prema Kiligal,Drama,118,2,Luciana,Aymar
105403,Cries from the Heart,Drama,90,5,Rinku,Rajguru
104292,Cleaning Lady,Horror,90,4,Ahsan,Khan
103557,15 Minute Ocean Meditation,Special Interest,15,4,Adam,Sandler
103260,Andy Kindler I Wish I Was Bitter,Arts,54,1,Sebastin,Marcelo
104729,Ghost Box,Horror,61,2,Dave,Johns
100896,Steve Hofstetter Ginger Kid,Arts,62,5,Jason,Statham
102535,Everybodys Game,Documentary,75,5,Jeff,Dunham
100175,Volcano Fire on the Mountain,Action,75,3,John,David
101259,Princess Castle,Kids,76,1,Jim,Parsons
105894,A Friendship,Arthouse,84,2,Jackie,Chan
103933,After Dark Lake Mungo,Drama,87,3,Patrick,Wilson
104601,Baabul,Drama,89,5,Jeremy,Ray
104817,100 Days to Live,Horror,90,4,Jitendra,Joshi
101905,Ladybugs,Comedy,90,3,Vince,Vaughn
105950,Gumrah,Action,91,1,Eliza,Taylor
101545,My Name is Salt,Arts,91,3,Farid,Shawqy
104850,CoComelon and Friends Holiday Speci,Kids,94,5,JeanBaptiste,Marcenac
102802,Coming Of Age,Action,95,4,Kat,Graham
100144,Well Take Manhattan,Drama,97,2,Bob,Ross
100783,That Sugar Film,Documentary,102,1,Funke,Akindele
106031,Maqsad,Action,108,1,Ylmaz,Erdoan
100936,Soothing Sights and Sounds for Kids,Special Interest,60,2,Ajay,Devgn
100948,Something To Sing About,Arts,79,1,Salman,Khan
105942,Kaathadi,Drama,86,4,Thammegowda,S
106058,Garden of Hedon,Horror,118,5,Debi,Derryberry
103251,Angrezi Mein Kehte Hain,Comedy,60,3,Donghwi,Lee
100145,We Need to Talk About Kevin,Drama,113,4,Kofi,Siriboe
105131,911 Nightmare,Suspense,86,2,Karim,Saleh
101700,Me Pan Sachin,Drama,27,4,Camila,Mendes
100931,Southward Ho,Western,96,5,Sienna,Miller
102704,Dead Birds,Historical,97,1,Fionn,Whitehead
105074,Lost in Thailand,Comedy,105,2,Kate,Higgins
105187,Fun Play Vehicles For Kids  Geckos ,Kids,46,5,Charlotte,Gainsbourg
102291,Greenfingers,Comedy,91,2,Dave,Chappelle
102635,Dog City,Comedy,40,3,Daryle,Lamont
102339,Girlz,Comedy,97,3,Demetri,Martin
104726,Lost Heart,Drama,98,4,Sarah,Jessica
100851,Super JoJo  Yes Yes Vegetables Song,Kids,5,5,Patrick,Wilson
105230,Krishnan,Action,19,2,Thomas,Mann
100475,The Racketeer,Action,55,4,Chika,Ike
102853,Chris Porter Ugly and Angry,Arts,61,5,Milan,Maric
104296,Bank Alarm,Drama,64,5,Riz,Ahmed
100793,Tenkai Knights  Rise of the Knights,Anime,72,1,Chadwick,Boseman
105068,Savitri,Romance,72,5,Charlie,Sheen
105448,As Long as We Both Shall Live,Drama,97,3,Samuel,West
105108,Nightmare Nurse,Suspense,84,5,Matthew,Knight
101977,Kabadadaari 4K UHD,Suspense,89,1,Angie,Cepeda
103137,Battle Creek Brawl,Action,96,5,KimberlySue,Murray
105719,Gamera vs Barugon,Science Fiction,100,5,Bette,Midler
101081,Sea Gypsies,Action,35,1,Valeria,Bertuccelli
104558,Roberrt 4K UHD,Action,93,4,Eva,Swan
102816,Coach Of The Year,Drama,96,2,Paresh,Rawal
102364,Getting Go The Go Doc Project,LGBTQ,91,2,Ana,Layevska
105660,Final Score,Action,105,5,Douglas,Smith
102006,Jonas Kaufmann  a global star in pr,Documentary,90,3,Jos,Mujica
104852,Brooklyn Love Stories,Arthouse,84,3,Ray,Stevenson
102274,Gumnaami  Hindi,Drama,94,4,Subba,Rao
102874,Cheers of the Crowd,Comedy,62,5,Ranbir,Kapoor
102303,Grace of God,Drama,72,5,Simon,Amstell
103266,Anatomy Of A Psycho,Horror,74,3,Megalyn,Echikunwoke
101596,Mothers of the Bride,Comedy,88,2,Michela,Luci
101803,Love Everlasting,Drama,94,5,Kristen,Stewart
103923,Arrowhead,Drama,105,2,Malcolm,McDowell
102810,Coldplay A Head Full Of Dreams,Documentary,105,2,Rana,Ranbir
101010,Davids Mother,Drama,92,3,Maisie,Benson
103483,3 Simple Meditation Practices,Fitness,10,5,Nick,Kroll
100384,The Work and the Glory,Drama,110,3,Marc,Maron
105271,Losing My Marbles,Comedy,91,4,Tom,Hanks
105111,Line Walker 2 Invisible Spy,Action,54,3,Sameh,Hussain
102042,Jeff Garcia Low Budget Madness,Arts,58,2,OC,Ukeje
101116,Ryan Bingham Live,Music Videos and Con,89,3,Aga,Muhlach
104886,Baby Shark and More Kids Songs,Arts,52,5,Jackie,Chan
102346,Girl Who Came Back,Drama,69,5,Riteish,Deshmukh
106009,Jeevan Ek Sanghursh,Action,79,2,Scarlett,Johansson
100902,Steep,Documentary,98,1,Carey,Mulligan
105114,Jawker Dhan,Action,104,1,Leone,Frisa
105652,One Night in Miami,Drama,114,2,Zach,McGowan
105880,Meera Mathur,Drama,91,4,Matthew,McConaughey
103620,Midnight Crossing,Suspense,118,1,Francesco,Carril
104647,My Captain Mr Underground,Comedy,105,5,Yvonne,Strahovski
104599,Blippi  Educational Videos for Todd,Kids,94,2,Simone,Baker
102774,Courageous Avenger,Western,58,5,Kurt,Russell
103310,Alonzo Bodden Whos Paying Attention,Arts,94,1,Joey,Camen
100061,XRay,Suspense,89,5,Michael,Keaton
103487,2ELEVEN,Action,108,1,Luis,Tosar
100932,Soul to Keep,Drama,94,3,Rodrigo,de
102739,DDay The Price of Freedom,Documentary,53,2,Christian,Bale
100601,The Iron Mask,Adventure,103,5,Kristen,Stewart
103805,Nancy Wake Gestapos Most Wanted,Documentary,62,2,Keith,Richards
105517,Cannibal Women In The Avocado Jungl,Action,89,1,Alden,Ehrenreich
101190,Redwood Highway,Drama,85,2,Talal,ElJordi
102468,Fireman Sam The Great Fire of Ponty,Kids,60,5,Kate,Winslet
104053,New World Order,Suspense,58,5,Ahmed,Eid
101593,Mourning Son,Documentary,87,2,Shaimaa,Abdelkader
100888,Stop Making Sense,Documentary,88,3,Riccardo,Scamarcio
102986,Boys Reformatory,Drama,89,2,Shefali,Shah
105421,Lock Him Up Tie Me Down,Comedy,96,3,Kimi,Verma
102621,Doug Dynasty,Arts,89,1,Jaylen,Barron
101692,Meet Your Match,Comedy,14,3,Jacqueline,Fernandez
102857,Choices,Drama,93,1,Lakshmi,Manchu
100748,The Beckoning Silence,Documentary,73,2,Casper,Van
102571,El Ascensor,Science Fiction,70,4,Najwa,Nimri
102863,Children of the Corn,Horror,83,1,Joaqun,Ferreira
105947,Huella A Rising Voices Film,Suspense,14,1,David,Morrissey
104004,One Hour of Himalayan Singing Bowls,Special Interest,60,2,Morgan,Freeman
100055,Yatra Telugu,Drama,86,2,Will,Arnett
104068,Grimm Love,Drama,87,5,Robert,Downey
101972,Kaka Ji  Son of Royal Sardar,Comedy,70,3,Arnali,Das
102868,Chick Fight,Comedy,97,4,Nadia,Ramlee
103426,A Farewell To Arms,Drama,91,2,Marlon,Wayans
101242,Pungo  A Witchs Tale,Horror,102,3,Mauricio,Ochmann
102372,Generation Aami,Arts,119,5,Oscar,Martnez
104376,Nick of Time,Action,89,5,Jaimi,Paige
104006,Nevada City,Action,55,3,Debi,Derryberry
101527,Narco Soldiers,Action,81,3,Jorge,Garca
100695,The Days of Noah Judgment Hour  Par,Documentary,90,2,Daniel,Valdez
102440,Forte,Comedy,95,4,Amy,Poehler
105589,Fire In The Sky,Drama,109,2,Meng,Lo
100780,The 5th King Iran The Blade Barkley,Documentary,48,1,Alain,Moussi
105817,Hes Out There,Action,89,4,Maria,Palm
101543,My Normal,Comedy,75,1,Youssef,Chahine
101508,Neeti Palta  Almost Sanskari,Comedy,109,1,Arnold,Schwarzenegger
103510,2 Below 0,Comedy,48,3,Ola,Rapace
100234,Ultimate Fight,Action,91,3,Steve,Harvey
104786,Eternally Yours,Comedy,90,5,Purab,Kohli
101867,Life in Color,Arthouse,85,3,Luccas,Neto
102292,Green is Gold,Arts,95,4,Carlos,Chan
100983,Skills Like This,Arthouse,87,5,Kathryn,Bernardo
102989,Boynton Beach Club,Comedy,87,4,Tapsee,Pannu
101599,Most Likely to Succeed,Documentary,58,2,Amina,Khalil
105936,Killer Concept,Horror,81,2,Massimo,Bottura
100916,Stained,Suspense,91,5,Madelaine,Petsch
104876,Nightingale A Melody of Life,Arts,99,5,Rishi,Gambhir
106088,Jesus Shows You The Way To The High,Action,66,2,Andrew,Steel
102957,Brody Stevens Live From The Main Ro,Arts,49,4,Ranbir,Kapoor
104449,Discarded Lovers,Drama,97,4,Sarah,Bolger
105523,Athaiyum Thaandi Punithamaanathu,Comedy,111,2,AnnaSophia,Robb
101945,KiiYii  Humpty Dumpty  More Classic,Kids,26,5,Mei,Kayama
105890,Coming For The King,Drama,94,2,Jesse,Eisenberg
102546,Equal Means Equal,Documentary,66,2,Alfre,Woodard
101087,School Spirits,Action,89,5,Robert,Agengo
100979,Sky Racket,Action,62,2,Maine,Mendoza
100982,Skin Deep The Battle Over Morgellon,Documentary,90,5,Ringgo,Agus
103874,Extraordinary The Seeding,Documentary,58,5,Aya,Erturan
101422,One Last Christmas,Drama,59,4,Satya,Dev
106016,Alien Intruder,Science Fiction,93,4,Sruthi,Hariharan
104334,Fanchon The Cricket,Drama,90,3,Fiona,Dourif
104455,6 Days,Action,94,5,Jake,Gyllenhaal
105740,Number Zoo Adventures with Toddler ,Kids,30,3,Selva,Rasalingam
105329,LOCAS POR EL CAMBIO,Comedy,89,3,Takumi,Saitoh
105117,House Arrest,Adventure,19,1,Tara,Strong
102860,Chisholm 72 Unbought  Unbossed,Documentary,76,5,Adam,Sandler
106087,Locomotive,Drama,77,5,Zach,Braff
105961,Derpy Bacon  mEGGz,Animation,54,3,Pierce,Brosnan
101927,Know Fear,Horror,48,2,Alison,Brie
100719,The Christmas Elves,Animation,98,5,Ema,Horvath
102370,Generation Wealth,Arthouse,106,5,Mike,Epps
105541,I Do,Drama,112,1,Thomas,Jane
105540,Indha Nilai Maarum,Comedy,101,1,Chrishell,Hartley
102605,Dripping In Chocolate,Drama,92,3,Rahul,Bose
105720,Full Strike,Comedy,108,2,Philip,Kwok
105618,ReWilding Kernwood,Documentary,87,5,James,Franco
100610,The Identity Theft Of Mitch Mustain,Documentary,101,4,Orlando,Bloom
105600,Caligula Paranoia and Brutality in ,Documentary,80,1,Amitabh,Bachchan
103306,Alternate Nostril Breathing,Fitness,91,4,Shah,Rukh
101489,Nicole Blaine Lifes A Bit,Arts,45,2,Kangana,Ranaut
102011,John Leguizamo Tales From a Ghetto ,Documentary,51,3,Danny,Trejo
105953,Galipattam,Drama,86,5,Vibhawari,Deshpande
102806,Come and Get It,Drama,100,3,Rajeev,Khandelwal
100778,The Admiral Was A Lady,Drama,102,4,Taiga,Nakano
101649,Missing 411 The Hunted,Documentary,97,5,Rita,Dominic
100957,So Undercover,Action,94,4,Chris,Rock
103372,Aakaasam Nee Haddhu Ra Telugu,Action,97,5,Carla,Gugino
103792,Primal Rage,Drama,106,1,Adam,Sandler
103566,10 Little Buses  More Counting Song,Kids,31,2,Vinod,Mehra
101368,Paterson,Comedy,14,3,Eamon,Farren
102139,Ian Bagg Conversations,Arts,106,3,Deng,Chao
100799,Teenkahon,Comedy,106,5,Audrey,Hepburn
104177,30 Minutes to Relax in Nature,Special Interest,30,1,Syrus,Shahidi
105751,Cut the Rope  Om Nom Stories Dream ,Animation,55,2,Emma,Stone
101432,Omoo Omoo the Shark God,Action,58,1,Om,Puri
105695,Dead Life Wormwoods End,Horror,80,2,Paulina,Garca
104642,Angel of Death,Suspense,89,3,Jacob,Artist
104598,Bunnyman Vengeance,Horror,107,5,Robert,De
103081,Bhoot Chaturdashi,Horror,96,1,Adrin,Uribe
100228,Uncle Tom,Documentary,107,3,Abigail,Spencer
106036,Gumm,Action,96,1,Naseeruddin,Shah
105213,Counter Investigation,Action,81,5,AR,Rahman
101710,Max Steel Turbo Charged,Animation,45,4,Nurgl,Yeilay
105082,Darken,Horror,86,1,Kate,Higgins
101946,Kids Puppet Show,Comedy,90,1,Djdj,Apali
101499,NGK,Drama,90,1,Helen,Mirren
101373,Party Girl,Drama,62,1,Tenoch,Huerta
104418,Dumbish,Comedy,68,3,Christopher,Masterson
101663,Mind Over Murder,Suspense,89,2,Khalifa,Albhri
102192,Honeymoon Limited,Comedy,76,5,Ayo,Makun
101967,Kapatadhaari,Suspense,89,4,James,Marsden
102000,Journey Through The Stars,Documentary,60,1,Ravi,Babu
102428,Freddie Mercury The Ultimate Showma,Documentary,58,4,Lolita,Chatterjee
101821,Lone Star State of Mind,Comedy,88,2,Csongor,Szalay
104435,Righteous Villains,Action,75,3,Pavan,Malhotra
103049,Black White  Us,Documentary,75,4,Ral,Fernndez
100725,The Bumble Nums  Season 4,Action,43,3,Brian,Austin
101513,Nazi Quest for the Holy Grail,Documentary,44,4,Beverly,Naya
100997,Sing and Dance with KiiYii,Kids,47,2,Viola,Davis
103649,Catching Faith,Drama,64,5,Shahid,Kapoor
103100,Benji,Action,86,5,Kritika,Sachdeva
101796,Loves Kitchen,Comedy,90,1,Rishi,Kapoor
104161,Chai Kahani,Drama,99,2,Toni,Collette
102341,Girls In Chains,Action,89,1,Chapman,To
103922,Assault on Wall Street,Action,14,1,Dirk,Bogarde
102012,John L Waller Striving For Equality,Documentary,61,4,Amaury,Nolasco
104775,Music  Murder 2,Drama,97,2,Dani,Rovira
100157,Walter,Comedy,76,1,Ahmed,El
105061,American Visa,Action,101,5,Ranvir,Shorey
101754,Man From Elysian Fields,Arthouse,106,2,Yassi,Pressman
101142,Rodeo  Juliet,Drama,88,2,Brad,Hyland
105665,Black Box,Horror,101,2,Vince,Carter
105633,False Paradise Feature Length,Drama,14,2,Emile,Hirsch
104987,Imprisoned  Laurence Fishburne,Action,104,4,Magnus,Carlsen
103919,Azorian The Raising of the K129,Documentary,103,2,Mila,Kunis
100047,Yoga for Relaxation and Stress Reli,Special Interest,89,2,Thomas,BrodieSangster
100218,Undocument,Drama,93,5,Dan,Aykroyd
105952,Gori Tere Pyar Mein,Comedy,72,3,Wallace,Chung
105102,Quest for the Unicorn,Science Fiction,75,5,Matthew,McConaughey
101473,Not Wanted,Drama,91,4,Rishi,Kapoor
106116,Policeman,Drama,112,3,Lily,ORegan
103319,All Roads Lead Home,Drama,113,3,Brian,Regan
105946,Humpty Sharma Ki Dulhania,Comedy,90,1,David,Morrissey
101213,Rammstein In Amerika Documentaries,Documentary,84,5,Fardeen,Khan
101099,Sarah Colonna I Cant Feel My Legs,Arts,99,1,Vanessa,Hudgens
101602,Morphle and Mila Dinosaur Adventure,Animation,52,2,Saad,Abdullah
102638,Dodos,Music Videos and Con,60,1,Reza,Rahadian
104153,Double Mommy,Drama,93,4,Bjarke,Ingels
102212,Highlander 2,Action,110,4,Martin,Matte
104945,Good Grief Its Friday,Drama,53,5,Christina,Ricci
102352,Ghosts On The Loose,Comedy,65,1,Frank,Grillo
102930,Call Her Ganda,Documentary,97,1,Rajpal,Yadav
101794,Low Tide 4K UHD,Action,86,5,Amitabh,Bachchan
102144,I Was Not Ready Da,Arts,77,2,Michael,Jai
105067,Secret Voices,Drama,83,1,Kellan,Lutz
104722,Night of a Lone Owl,Comedy,90,1,Fan,Bingbing
103639,Exit Speed,Action,87,2,Jim,Gaffigan
105798,Octagon,Horror,72,1,Burt,Reynolds
104737,Big Eden,Arthouse,97,5,Eddie,Murphy
101173,Rex the Devil Horse Silent,Western,53,2,Gitte,Witt
100717,The Cleansing,Horror,98,4,Yogi,Babu
103304,Amal,Drama,104,4,Anna,Kendrick
103811,Memorial Day,Action,108,3,Chris,Tucker
103859,Gully Boy,Drama,116,4,Jim,Sturgess
102170,Hud,Drama,112,3,Michela,Luci
100265,Trilogy of Terror,Horror,72,1,Vatsal,Dubey
103858,Hal Sparks Charmageddon,Arts,84,4,Elijah,Wood
103320,All Over Town,Arts,64,5,Robert,Reich
104905,Nepotism,Drama,61,3,Clive,Owen
104576,Long Lost Son,Drama,61,2,Elle,Fanning
106003,Quarantine Girl,Comedy,62,5,Mike,Tyson
103936,A Prince for Christmas,Comedy,87,2,Oscar,Isaac
101808,Love aaj Kal Porshu,Drama,103,2,Neal,McDonough
100895,Steve Trevio My Life In Quarantine,Arts,72,3,Leonardo,DiCaprio
103920,Audubon,Documentary,84,2,Dhruva,Padmakumar
103698,American Experience The Battle of C,Documentary,114,2,Ruth,Wilson
105694,Incarnation,Science Fiction,82,2,Leonardo,DiCaprio
104917,Fiddler A Miracle of Miracles,Documentary,97,1,Darren,Wang
103457,5K1States Evidence,Action,108,5,DL,Hughley
105628,Jurassic Dinosaur playtime TRex Ran,Kids,12,1,Amr,AbdelGeleel
104920,Ceiling Fan for Sleep 9 hours,Special Interest,27,2,Bjarke,Ingels
105453,Life With Father  A Restored Color ,Action,99,1,Samuel,West
102693,Dear Zachary A Letter To A Son Abou,Documentary,94,2,Sam,Kinison
102127,Iliza Shlesinger Over  Over,Comedy,60,4,Aki,Toyosaki
104412,On the Road to Berlin,Action,86,1,Meryl,Streep
105532,Safe House,Comedy,95,2,Mark,Ruffalo
102365,Get Duked,Adventure,86,4,Thom,Yorke
103091,Better Luck Tomorrow,Comedy,99,2,Vicky,Kaushal
105743,Me Without You,Arthouse,100,4,Zo,Insung
100017,Zoombies,Horror,118,2,Adrian,Titieni
105454,Kasak,Drama,59,2,Samuel,West
102248,Harry  Meghan A Very Modern Romance,Documentary,79,2,Tony,Leung
101899,Late Bloomers,Comedy,107,5,Julian,Sands
100802,Teen Lust,Comedy,112,4,Talat,Bulut
103860,Greg Warren Where the Field Corn Gr,Arts,59,5,Samuel,L
101505,Never Wave at a WAC,Action,86,2,Claire,Danes
101922,KROOS 4K UHD,Documentary,96,1,Steve,Oropeza
104054,New Life,Drama,106,1,Surya,Saputra
104234,Seated Yoga Level II,Fitness,10,3,Kristen,Stewart
105865,Be Dune Saade Chaar,Comedy,40,2,Dougray,Scott
102241,Hawking,Documentary,85,3,Mo,Gilligan
104281,Legend of the Red Dragon,Action,89,5,Chingo,Bling
104903,Pal Joey,Arts,90,2,Dolph,Lundgren
106033,Kill Me Three Times,Action,90,1,Connor,Swindells
103190,Avenging Squad 2015 Full Movie,Action,5,2,Robb,Wells
101576,Mr Wong Detective,Drama,74,2,Rakesh,Batra
103059,Black History Activators,Documentary,76,5,Nick,Offerman
103339,Albion The Enchanted Stallion,Adventure,112,3,Carson,Meyer
105362,Asterix at the Olympic Games,Action,117,4,Paresh,Rawal
103568,12 New Year,Comedy,75,2,Amruta,Subhash
106126,Haberman,Drama,54,4,Santosh,Juvekar
102466,Fishbowl,Drama,55,2,Gina,Rodriguez
104769,Riders Of The Whistling Pines,Western,70,1,James,Lawrence
103162,Bail Out,Action,88,5,Frank,Grillo
105149,Mikey,Horror,88,1,Dominique,Fishback
104788,Clive Barkers Underworld,Horror,52,2,Armeena,Rana
104844,Firefly,Drama,99,3,Josh,Hamilton
104193,My contract,Drama,102,2,Maika,Monroe
105133,100 Streets,Action,94,4,Natalia,Valdebenito
102920,Cannabis To Save My Life,Documentary,53,2,Hrithik,Roshan
102263,Hannas Gold,Adventure,92,1,Los,Tigres
102580,Edge of Doom,Drama,98,1,Kathryn,Bernardo
104121,Saints and Soldiers The Void,Action,96,2,Mike,Judge
101750,Man With The Golden Arm,Drama,61,1,Aubrey,Peeples
105662,Danger Close,Action,117,5,Sarah,Adler
105416,Paai  The Mat,Drama,117,2,Aidan,Quinn
102991,Boy of the Streets,Drama,78,2,Mahesh,Babu
100134,What Comes Around,Action,114,3,Nushrat,Bharucha
100143,Wedding Cha Shinema,Comedy,54,4,Vidya,Balan
101331,Pink Heat,Action,89,4,Skyler,Gisondo
105749,Geckos Garage  Learn At Home with G,Kids,34,1,Oliver,JacksonCohen
104809,Fortress 2 ReEntry,Action,48,1,Angela,Bassett
103632,Hot Rod,Comedy,88,4,Paul,Kalkbrenner
103047,Blackmail,Action,97,2,David,Spade
102495,FBIs War on Black America,Documentary,50,5,Ricardo,Quevedo
105002,Forbidden Secrets,Drama,89,5,Frances,OConnor
106100,Bandish,Action,36,5,Vin,Diesel
102686,Decoding COVID19,Documentary,53,3,Bill,Hicks
102483,Fighter,Drama,82,5,Mara,Pedraza
104174,Act Naturally,Comedy,93,5,Benjamin,Dickey
104960,Aparajito,Drama,100,3,Miriam,Chin
103998,Seberg,Drama,103,5,Claire,Forlani
101684,Message From A Mistress,Comedy,83,3,Jacqueline,Toboni
103249,Animal,Horror,82,2,Kavin,Jay
105626,Little Baby Bum  ABC Song and More ,Kids,36,4,Jason,Sudeikis
102751,Cuban Missile Crisis Three Men Go t,Documentary,61,2,Deepak,Dobriyal
101270,Prema Pipasi,Romance,86,2,Shahid,Kapoor
105307,Adhe Kangal,International,119,1,Ben,Ferencz
102551,Enchantimals Finding Home,Animation,60,2,Piolo,Pascual
103912,Blitzed Nazis on Drugs,Documentary,58,2,Adam,Sandler
103101,Beneath the Sea,Documentary,60,5,Chutimon,Chuengcharoensukying
105293,Dhruvangal Pathinaru,International,89,4,Alex,Heartman
104093,Rambo Last Blood,Action,89,2,Chalad,Na
102579,Edie,Action,102,2,Liza,Soberano
103837,KGF Chapter 1 Hindi,Action,52,5,Ahmed,Hassan
100810,Tattoo Nation,Documentary,76,2,Ari,Irham
100582,The Ladies Man,Comedy,90,2,Demet,Akba
100063,Wrangler Anatomy of an Icon,Documentary,85,4,Madhuri,Dixit
102112,Indian Comedy Tour,Arts,91,1,Vanessa,Hudgens
102271,Hairy Ape,Drama,91,4,Bill,Burr
102882,Charm City,Documentary,55,1,Anders,Danielsen
105625,Macbeth,Drama,65,4,Ryan,Reynolds
105935,Kuch Kuch Hota Hai,Comedy,93,2,ChiaHui,Liu
105333,Go Buster  Busters Race Day  More K,Animation,79,4,Urwa,Hocane
101186,Relaxing Rocky Beaches,Special Interest,60,1,Philippe,Aractingi
100835,Swing Hostess,Arts,74,1,lvaro,Cervantes
104855,Ape Canyon,Action,74,2,Szabolcs,Thurczy
106117,Please behave yourselves,Comedy,14,1,Brely,Evans
104176,A Time for Heaven,Drama,88,2,Ryan,Kwanten
103677,Necessary Roughness,Comedy,108,1,Richard,Pryor
105843,Ruben Guthrie,Comedy,94,3,Hugh,Grant
101558,My Fathers Guests,Comedy,91,4,Kevin,Bacon
104944,Hobo Heyseus,Action,89,3,Addison,Timlin
106083,Patricks Day,Drama,68,3,Gene,Wilder
104021,Howl,Horror,81,3,Sasha,Lane
102317,Goin South,Comedy,108,3,Amitabh,Bachchan
105172,Scare Attraction,Horror,73,2,Craig,Sechler
101537,Mystery Of Mr Wong,Drama,57,4,Alban,Lenoir
104035,Arthur and the Haunted Tree House,Kids,57,5,Oona,Chaplin
103873,Faiths Song,Drama,103,3,Jhannes,Haukur
104254,Frankenstein,Horror,107,4,Amanda,Schull
102678,Devils Diary,Horror,59,2,Ikue,Otani
105395,Love Contractually,Comedy,68,3,Deepti,Naval
105014,Nizhal,Suspense,66,4,Adrian,Pasdar
100449,The Sklar Brothers What Are We Talk,Arts,118,4,Jane,Fonda
101817,Lords Of Salem,Horror,93,4,Guillaume,Laurin
103019,Blue Steel,Western,89,2,Aditya,Roy
101654,Miracle on Highway 34,Drama,106,3,Iqbaal,Ramadhan
104456,22 Bullets,Action,118,1,Jake,Gyllenhaal
100023,Zis Boom Bah,Arts,62,1,Lorraine,Gary
102725,Daniel Boone Trail Blazer,Drama,84,3,Kelly,Hu
104059,Khancha,Drama,89,5,Joel,Courtney
105428,Dream Girl,Romance,10,4,Emma,Thompson
105161,One Step Behind the Seraphim,Drama,82,2,Janna,Levin
104481,Pataakha,Comedy,95,5,Cameron,Palatas
104444,Hollywood North,Comedy,89,2,Abbey,Lee
106028,Nuvvunte Naa Jathaga,Romance,90,1,Emile,Hirsch
101377,Paris By Night,Action,101,3,Cecilia,Roth
100556,The Long Walk Home,Drama,87,2,John,Hawkes
105045,In the box,Suspense,86,3,Michael,Shannon
102037,Jenny McCarthys Dirty Sexy Funny,Arts,99,3,Shabana,Azmi
101786,Luke and Lucy and the Texas Ranger,Western,117,5,Shah,Rukh
103403,A Nuns Curse,Horror,99,5,Sanjeev,Kumar
101252,Professor Shanku O El Dorado,Action,92,1,Nahed,El
103460,45 Minutes In South America,Special Interest,45,1,Franck,Dubosc
101715,Mathu Vadalara,Drama,95,1,Ylmaz,Erdoan
104339,Calls,Suspense,88,3,Eddie,Murphy
102138,Ian Harvie May The Best Man Win,Arts,57,1,Wendell,Pierce
105933,LOL,Comedy,97,3,Daphne,Zuniga
100558,The Little Prince,Animation,107,4,Amy,Tan
105853,Khokababu,Comedy,91,5,Sukkyu,Han
103165,Bad Seed,Suspense,89,3,Carlos,Bardem
101887,Leeches,Drama,27,5,Lilian,Esoro
104283,Jathi Ratnalu,Comedy,59,2,Dick,Van
101763,Maidentrip,Action,86,4,Sam,Claflin
101830,Local Boy,Action,40,3,Eileen,Yez
100827,Symphony to Icelands Gulfoss Waterf,Music Videos and Con,47,5,Kevin,Costner
102383,Gary Owen Breakin Out The Park,Arts,48,3,Abhay,Mahajan
103555,15 Minute Rain Meditation,Special Interest,15,2,Charlotte,Le
104276,Perfect Weapon,Action,89,2,Anuranjan,Premji
105162,I Am Not Madame Bovary,Comedy,68,5,Eric,Meyers
104878,Love Ni Bhavai,Comedy,117,3,Damandeep,Singh
104582,Happy Home,Comedy,99,2,Kevin,Sorbo
101091,Say Yes,Drama,95,2,Pavan,Malhotra
104815,A Haunting on Hamilton Street,Horror,78,4,Harrison,Ford
101343,Pete Correale The Things We Do For ,Arts,70,4,Rachael,Leigh
102273,Guns Dont Argue,Suspense,115,5,Ayushmann,Khurrana
100986,Sitting on the Moon,Arts,55,2,Edward,Chen
102533,Evil Little Things,Horror,106,3,Jeff,Dunham
100529,The Mothman Legacy,Documentary,89,3,Bo,Burnham
100203,V1 Murder Case Telugu,Action,97,1,Charles,Grodin
102926,Cameron Esposito Marriage Material,Arts,79,1,Shahid,Kapoor
103290,American Animals,Action,117,5,Will,Smith
105711,Gamera The Giant Monster,Science Fiction,79,3,Kika,Magalhes
100741,The Big Cat,Action,82,5,JeanClaude,Van
101491,Nick Thune Good Guy,Arts,89,2,Akshay,Kumar
104559,Roberrt,Action,89,2,Jaspinder,Cheema
105072,Out of Time,Action,90,4,Erin,Fitzgerald
104240,Next,Action,96,2,Sharon,Cuneta
103384,A Trip Under the Sea,Special Interest,60,3,Sreymoch,Sareum
104785,Five Last Days,Drama,112,1,Megan,Richie
103627,Jay and Silent Bob Reboot,Comedy,105,3,Cristela,Alonzo
105335,Geckos Garage  Christmas Videos for,Kids,21,5,Mahmoud,Abdel
100490,The Pedophile Hunters,Documentary,108,1,Ashleigh,Sumner
104617,Kuldip Patwal  I Didnt Do It,Drama,90,5,Demet,Akba
103791,Promises,Drama,118,2,Mike,Epps
101985,KGF Chapter 1 Tamil,Action,80,3,Arjun,Kapoor
103154,Bang The Drum Slowly,Drama,98,1,Bill,Nye
104776,Marvin  Tige,Drama,103,2,Mahmood,ElLaithi
100452,The Silent Army,Action,90,3,Will,Yun
102482,Fighting Caravans,Western,86,2,Jessica,Allain
105595,Dark Almost Night,Suspense,98,5,Tony,Goldwyn
102068,Jackie  Ryan,Drama,98,5,Uche,Jumbo
100763,The Amish Shunned,Documentary,112,4,Shia,LaBeouf
101103,Same Kind of Different as Me,Drama,119,2,Kevin,Hart
105051,Cinemavala,Drama,109,5,Anne,Watanabe
100631,The Guvnor,Documentary,85,3,Nicolas,Cage
102203,Hollys Holiday,Drama,85,1,Meryl,Streep
104961,And There Were 4,Action,84,3,Malhar,Thakar
105571,Little White Lie,Documentary,64,4,Ulrich,Thomsen
101643,Mo Mandel Negative Reinforcement,Arts,66,5,Mai,Ezz
104953,Catching Up,Comedy,91,5,Gord,Downie
106128,Factory Girl,Drama,100,4,Mark,Ruffalo
100563,The Lemonheads,Music Videos and Con,53,1,Vikas,Vasistha
103906,Brochevaruevarura,Drama,118,3,Jesse,Eisenberg
103156,Bandobast,Action,78,4,Ryu,Seungryong
101406,Our Town,Drama,99,3,Yvonne,Nelson
105310,Aaina,Drama,98,1,Diljit,Dosanjh
103257,Angel and the Badman,Action,100,4,Will,Forte
104804,Romeo Ranjha,Action,98,1,Deep,Sidhu
102361,Ghajinikanth,Comedy,96,3,John,Abraham
101609,Morphle  Building with Morphle,Animation,58,4,Nabila,Ebeid
104384,Jeff Who Lives at Home,Comedy,83,3,Mark,Chao
104378,Mirugaa,Action,59,4,Tye,Sheridan
104011,Marc Maron Thinky Pain,Arts,106,3,Ghadah,Abdulrazeq
104423,Ami Sudhu Cheyechhi Tomay,Romance,91,1,Dries,Van
103647,Code Of Thieves,Action,83,5,Jerry,Seinfeld
104464,Left Behind The Movie,Action,93,5,Flavio,Medina
104314,Razorteeth,Horror,70,5,Aaron,Paul
105468,Eni,Drama,84,5,Emraan,Hashmi
102626,Doomed To Die,Suspense,82,4,Jake,Gyllenhaal
101820,Loni Love Americas Sister,Arts,60,5,Mamoudou,Athie
103181,Baby Shark  More Kids Songs  Little,Kids,48,2,Yogi,Babu
105301,Befikre,Comedy,89,3,Atul,Kulkarni
103537,15Minute Guided Meditation,Special Interest,19,4,Shiv,Pandit
102210,Hippi,Comedy,86,4,Shannyn,Sossamon
102900,Catch Hell,Action,90,5,John,Cleese
104052,Philly Kid,Action,104,3,John,Roohinian
104087,A Box of Faith,Drama,90,5,Maurice,LaMarche
103869,From Nothin,Action,109,3,Soumitra,Chatterjee
104442,Little Kingdom,Drama,95,5,Cas,Jansen
104340,Bright Hill Road,Drama,92,4,Madison,Lawlor
100736,The Black Kungfu Experience,Documentary,56,3,Patrick,Wilson
104669,Last Flag Flying,Comedy,58,2,Will,Smith
104882,History of a Scoundrel,Drama,91,1,Deepak,Dobriyal
100284,Tortilla Soup,Comedy,104,4,Molly,Bernard
104461,Safe Inside,Drama,102,4,Christian,Bale
101868,Life In A Year 4K UHD,Drama,107,4,Taylor,Tomlinson
103134,Be Afraid,Horror,118,3,Tony,Schiena
105254,Raaz Reboot,Horror,84,4,Harrison,Ford
100598,The Jazz Singer,Drama,75,5,Jim,Carrey
106089,Hajar Juni Samma,Romance,112,4,Aaron,Keogh
100954,Sofia,Action,83,5,Sydney,Cope
102329,Go Buster  Buster And Friends,Kids,31,3,Vijay,Kumar
104906,Mitzi Gaynor 2nd Special 1969,Arts,52,3,Keira,Knightley
105884,Gaiir,Suspense,70,3,Akshay,Kumar
100341,Ticker,Action,92,1,Remy,Ishak
105577,Jet Lis Contract Killer,Action,98,3,Ron,ONeal
102001,Josie  Jack,Drama,103,1,Nandita,Das
105015,Mobutus African Movie Theater Episo,Action,85,3,Ruby,Barnhill
101162,Rick Stein and the Japanese Ambassa,Special Interest,59,5,Julia,WieniawaNarkiewicz
104160,Child Support,Comedy,83,5,Nina,Kulkarni
101777,Madame Behave,Comedy,86,3,Steve,Buscemi
102260,Hans Christian Andersen,Arts,118,1,Shahid,Kapoor
104336,Cliffords Really Big Movie,Animation,74,1,Ankush,Chaudhari
105512,Deadly Promises,Drama,81,3,Abhay,Deol
105980,Ringolevio,Comedy,81,2,Michael,Gross
103834,Kim McVicar Please Notice Me,Arts,64,3,Todd,Field
104022,Hide Away,Drama,81,3,Ted,Williams
102988,Boys English Subtitled,LGBTQ,77,2,Vito,Sanz
101399,Oye,Drama,58,3,Alexandra,Daddario
103238,Antarctica,Comedy,81,1,Ryosuke,Yamada
104976,First Love,Action,87,2,Snoop,Dogg
102613,Dr Poppys Pet Rescue,Kids,39,3,Kevin,Hart
104830,One Hour Nighttime Beaches for slee,Special Interest,60,3,Katt,Williams
102769,Craig Shoemaker Daditude,Arts,82,1,Nawazuddin,Siddiqui
106006,One and the Same,Drama,111,3,Lewis,Black
100854,Supa Strikas  Best in the Field,Animation,60,5,Oscar,Isaac
103635,Guns Akimbo,Action,38,3,Jonas,Nay
105499,My Brothers Keeper,Drama,97,1,Daniel,Wu
100127,When a Woman Loves A Man,Drama,107,4,Aftab,Shivdasani
101704,Mayor Cupcake,Drama,86,1,Omoni,Oboli
101487,Night at High Noon and the Wonder G,Anime,52,1,Vinod,Khanna
105375,Gang,Action,118,3,Jazzy,B
104841,Hunting and Gathering,Comedy,93,4,Ritwika,Pal
105696,Chiriakhana,Drama,70,3,Alex,Frnka
100792,Tennessee Queer,Comedy,90,1,Matthew,Modine
103115,Becoming Burlesque,Drama,96,1,Michael,Bacall
102964,Brick Lane,Arthouse,70,4,Jeffrey,Wright
101344,Pete Correale Let Me Tell Ya,Arts,63,1,Cornelia,Grschel
101360,Paul Rodriguez The Here and Wow,Arts,76,1,Jacob,Gregory
101516,Navy Secrets,Action,61,4,Will,Ferrell
101860,Life with Murder,Documentary,95,5,Bimbo,Akintola
102147,I Need You To Kill,Arts,98,1,Isabela,Moner
102675,Dhadak,Drama,99,2,Dan,Aaron
101921,Kshay,Drama,14,1,Della,Dartyan
100604,The Informer,Action,64,3,Saurav,Chakraborty
102718,Darbar Tamil,Action,84,3,Gavin,Lewis
102550,Enchantment,Drama,101,2,AiAi,de
102767,Crazy for Christmas,Comedy,89,3,Cassandra,Ciangherotti
105820,Duniyadari,Romance,75,5,Jason,Segel
105623,Nazi Undead,Horror,78,4,Kangho,Song
101695,Meet Dr Christian,Drama,68,2,Ben,Stiller
104383,Kacche Dhaagey,Drama,35,3,Sanjay,Dutt
102849,Christian Finnegan The Fun Part,Arts,61,4,Luis,Tosar
101937,Kilroy,Documentary,87,5,Shiloh,Fernandez
100613,The Hungry,Drama,99,3,Russell,Crowe
101790,Lucifer Telugu,Action,110,5,Sidharth,Malhotra
104238,Papillon,Action,40,1,Dharmajan,Bolgatty
101690,Mega Shark vs Crocosaurus,Action,88,4,Ben,Stiller
103673,Reach for Me,Drama,90,4,Ben,Hyland
105024,Hillbillys In A Haunted House,Horror,86,1,Maya,Angelou
100152,War of Likes,Comedy,104,2,Aishwarya,Rajesh
105124,Cut The Rope Om Nom Stories  Gettin,Animation,51,3,Ramez,Galal
101109,Sahil Shahs Childish Behaviour,Arts,72,1,Bing,Crosby
103963,Michael Ian Black Noted Expert,Arts,91,3,Sanjay,Narvekar
103234,Any Day Now,Drama,98,3,Marlon,Wayans
103318,All She Wishes,Drama,66,4,Ashleigh,Ball
101752,Man In The Attic,Drama,82,2,Luis,Guzmn
102687,Decoding Annie Parker,Drama,100,5,Gina,Yashere
101902,LANDLINE,Comedy,107,1,Angelina,Jolie
104417,Forget Me Not,Drama,92,2,Julian,Morris
104575,Mitzi Roarin in the 20s,Arts,51,2,Leslie,Caron
100013,The Night Eats The World,Horror,94,5,Adam,Sandler
100014,Resilencia,Documentary,46,4,Keri,Russell
101740,Maria Bamford The Special Special S,Arts,50,3,Pedro,Alonso
101412,Only When I Laugh,Comedy,59,1,Will,Yun
104141,Jamie Kennedy Uncomfortable,Arts,62,1,Ahmed,Helmy
100123,Where Hands Touch,Drama,76,4,Jeremy,Renner
102044,Jeff Dunham Minding The Monsters,Arts,80,2,Aamir,Khan
102730,Dancing Pirate,Arts,85,5,Gary,Lightbody
104199,Emotional Fool,Drama,90,5,Eddie,Hall
103864,Gina Brillon Pacifically Speaking,Arts,109,1,Anders,Danielsen
101564,My Best Friend,Drama,60,5,Iqbaal,Ramadhan
104065,Henry VII The Winter King,Documentary,59,3,Beln,Soto
104888,A Sweetest Kiss,Drama,104,3,Kurt,Cobain
102472,Finding Jay,Adventure,102,4,Elyse,Maloway
106131,Damlelya Babachi Kahani,Drama,111,2,Vicky,Kaushal
103684,Hallowed Be Thy Name,Horror,93,3,Donald,Glover
105163,Asin_tombstone_test_target_04,Comedy,98,3,Eric,Meyers
105582,Heartburn,Comedy,93,2,Susanne,Bartsch
104840,Kaalamellam Kaathiruppen,Comedy,40,2,Fardeen,Khan
105661,Eagle Eye,Action,68,2,Graham,Phillips
105109,Maze,Action,93,1,Juhi,Chawla
105580,Human experiments,Horror,85,1,Tio,Pakusadewo
102694,Dear Comrade,Action,27,2,Chang,Tinghu
105690,Omerta The Act Of Silence,Suspense,85,4,Mahesh,Bhatt
103648,Clockwatchers,Comedy,96,2,Benot,Magimel
105967,Chittibabu,Drama,112,4,Kett,Thantup
102888,Chad Daniels As Is,Arts,52,3,Paul,Giamatti
105516,Cass,Drama,107,4,Alden,Ehrenreich
102441,Fort Bliss,Action,110,4,Collin,Chou
102517,Faith Based,Comedy,92,1,Douglas,Booth
105855,Its All Gone Pete Tong,Comedy,88,2,Will,Smith
105714,Gamera vs Zigra,Science Fiction,88,1,Mark,Wahlberg
104063,Incident at Guilt Ridge,Action,55,4,Chantavit,Dhanasevi
103806,Nancy Drew Reporter,Adventure,68,3,Kip,Andersen
105501,Mahler On The Couch,Arthouse,59,3,Eric,Balfour
105667,Beach House,Drama,80,3,Ahmed,Ezz
104860,A Hug,Drama,14,5,Halle,Berry
101898,LAW,Suspense,70,5,Anne,Hathaway
100595,The Judge,Drama,14,5,Eric,Roberts
104242,Lucy Shimmers and the Prince of Pea,Drama,31,3,Sissy,Spacek
105793,Razia Sultan,Drama,81,1,Jeff,Bridges
103814,Martial Arts of Shaolin,Action,90,1,Jacqueline,Kim
105309,Aaja Nachle,Drama,94,4,John,Travolta
105462,Bland Larceny,Comedy,9,3,Sarah,Jessica
104156,Death Clique,Drama,89,4,Bill,Burr
103651,Big Top PeeWee,Adventure,93,4,Demin,Bichir
102684,Deluka,Arts,27,3,Bill,Hicks
102002,Joshy,Comedy,93,5,Chris,Klein
100644,The Giant,Drama,118,1,Ezgi,Mola
102534,Everything is Free,Arthouse,87,3,Jeff,Dunham
102651,Dirtbag The Legend of Fred Beckey,Documentary,61,4,Geetika,Vidya
104079,City of Shadows,Action,92,2,Will,Smith
104288,Go  Dont Go,Drama,91,2,Sarah,Lancaster
102075,Itzhak,Documentary,83,1,Khalil,Ramos
103388,A Taxi Driver,Action,30,4,Jeff,Dunham
105566,Night Hunter,Action,14,2,Jirayu,Laongmanee
100335,Timber Queen,Action,66,5,Saskia,Hampele
101189,Reglar Fellers,Comedy,70,4,Rana,Eid
101404,OUT On Stage The Movie,Arts,82,2,Natalia,Oreiro
103023,Blow The Man Down,Comedy,91,1,Randeep,Hooda
105796,Pachchis,Action,27,1,Charlotte,Vega
100933,Soothing Waterfalls with Music,Documentary,60,3,Chris,Rock
102974,Breakfast In Hollywood,Comedy,106,4,Alessandro,Borghi
100971,Small Soldiers,Action,58,3,Ari,Irham
100824,Tad The Lost Explorer And The Secre,Animation,72,3,The,Notorious
102222,Hero,Action,96,2,Stacy,Haiduk
104602,Available,Action,73,2,Eileen,Atkins
104075,Double Sketch,Drama,97,1,Ingrid,Guimares
105983,Delaware Shore,Drama,98,5,Leela,Naidu
101675,Midnight Stallion,Adventure,104,2,Jerry,Seinfeld
101425,One Great Love,Drama,113,2,OC,Ukeje
105989,Monk,Comedy,82,4,John,Wayne
100569,The Last Witness,Drama,93,2,David,Spade
100115,White Savior Racism In The American,Documentary,62,1,James,Franco
106063,Carries War,Drama,89,4,Huang,Lei
104851,Cannibal Island,Documentary,54,5,Tom,Hopper
101797,Love Kennedy,Faith and Spirituali,54,2,Shah,Rukh
101708,MAX Live from the Greek Theatre,Arts,42,2,Sermiyan,Midyat
100303,Tom Sawyer  Huckleberry Finn,Action,91,5,Shia,LaBeouf
102950,Buckskin Frontier,Western,106,1,Ammy,Virk
100611,The Hunting of the President,Documentary,90,3,Patrick,Robinson
104918,Eternity,Drama,61,4,Gordon,Liu
104603,Arishadvarga,Drama,90,3,Halle,Berry
100758,The Ash Lad In Search of the Golden,Action,98,4,Willem,Dafoe
103422,A Flying Princess and a Secret Isla,Anime,51,4,Colin,Quinn
100451,The Silent Wrecks of Kwajalein Atol,Documentary,56,4,Jennifer,Aniston
103428,A Death in the Gunj,Drama,106,4,Adam,Rayner
100990,Sir Chris Hoy  From Velodrome to Le,Documentary,52,3,Justin,Fletcher
100608,The Immortalists,Documentary,99,2,Sean,Penn
105949,Happy Anniversary,Suspense,23,4,Mohamed,Ragab
104084,Animal Songs by Little Baby Bum,Kids,49,1,Kevin,Makely
102093,Invasion of the Body Snatchers,Drama,80,2,Baaj,Adebule
101216,Raising Victor Vargas,Arthouse,88,5,Mithun,Chakraborty
105059,Complete Unknown,Drama,93,5,Bront,Palarae
101465,Nursery Rhyme Cartoons from Mother ,Kids,19,3,Stephon,Marbury
102429,Fraud Saiyaan,Comedy,117,3,Beattie,Edmondson
106125,Ilish,Drama,55,4,Adil,Hussain
102419,Frontier Outlaws,Western,57,4,Wanda,Sykes
104100,Damascus Under Fire,Action,113,5,Kelly,Sheridan
102797,Concrete Boom Pump  Truck Tunes for,Kids,5,2,Chris,Pine
101679,Micheal Jordan Come Fly with Me,Documentary,41,3,Michael,Roark
100960,Snowcat  Truck Tunes for Kids,Kids,5,3,Meaghan,Martin
104060,Juncture,Action,107,3,Jungmin,Hwang
102713,Dassehra,Action,107,5,Edwin,Goh
101106,Saleslady,Comedy,63,2,Bea,Santos
103794,Phantasm Remastered,Horror,89,5,Bill,Murray
103338,Alcatraz,Action,59,1,Elsa,Dorfman
100580,The Last Apostle,Documentary,104,1,Jamie,Foxx
103900,Chris Porter A Man From Kansas,Arts,79,5,Sandra,Bullock
105508,Found,Drama,118,1,Dennis,Quaid
103820,Maharshi,Action,52,5,Aziz,Ansari
104344,Aeon Flux,Action,93,1,Matthew,McConaughey
102343,Girlfriends of Christmas Past,Comedy,92,4,Sammo,KamBo
104001,Red Metal The Copper Country Strike,Documentary,96,1,Anson,Mount
100229,Uncle Joe Shannon,Drama,97,2,Bruce,Willis
102261,Hanover Street,Action,64,2,Scott,Adkins
102657,Dino King,Action,89,3,Junaid,Akhtar
103015,Bob Saget Thats What Im Talking Abo,Arts,55,3,Kristen,Bell
102501,Fat City,Drama,61,3,Hajira,Yamin
102335,Glitch,Comedy,92,5,Victor,Artus
104884,By Nights End,Drama,98,3,Dylan,Sprouse
101871,LICKS,Drama,96,3,Abbie,Cornish
101964,Karma,Suspense,40,4,Emma,Watson
100756,The Astral Factor,Horror,96,1,Richard,Wershe
105214,Break Even,Action,96,3,Wendell,Pierce
104596,Christmas With The Karountzoses,Comedy,106,2,David,Strathairn
104211,Andy Murray Resurfacing 4K UHD,Documentary,109,5,Richard,Gere
104332,Finding Jesus,Faith and Spirituali,69,1,Mrinmayee,Godbole
104067,Gulabo Sitabo,International,81,1,Antonio,Banderas
104066,He Watches Over Me,Drama,87,1,Roy,Marsden
103027,Blood into Wine,Documentary,100,1,Hrithik,Roshan
103103,Beneath the Darkness,Horror,68,2,Felix,Starck
102289,Griefwalker,Documentary,70,1,Leonardo,Medeiros
100092,William the Conqueror,Documentary,90,5,Jay,Chou
105938,Khichadi,Comedy,110,4,Thelonious,Monk
101773,Mafia Chapter 1,Action,111,2,Colin,Farrell
105399,Hot Money,Documentary,118,3,Kamal,Hassan
105372,Mortis Law,Comedy,84,5,Haifa,Wehbe
101938,Killing Oswald,Documentary,53,4,Madhuri,Dixit
100955,Social Animals,Comedy,54,1,Vanessa,Hudgens
100342,Tick Tock,Action,94,5,Maudy,Koesnaedi
100596,The Joneses,Drama,96,2,Danny,Trejo
101071,Secret Diary of the Holocaust,Documentary,50,4,Larry,the
100817,Tamizh Padam 2,Comedy,70,4,Adhisty,Zara
105464,Abhijan,Drama,88,5,Demin,Bichir
101900,Last Rampage,Action,92,5,Marlee,van
102221,Heroes of the Alamo,Action,106,3,Josephine,Langford
100128,WHATEVER FATHER,Comedy,19,4,Sohail,Khan
102982,Brahms,Music Videos and Con,30,5,Benot,Magimel
103150,Barbie Dreamtopia Special English,Animation,46,5,Karra,Elejalde
101123,Runnin From My Roots,Arts,92,4,Temi,Otedola
104159,CoComelon and Friends Halloween Spe,Kids,29,3,Joy,Sengupta
103907,Bravo Common Men Uncommon Valor,Documentary,118,3,Krzysztof,Stroiski
104529,Revisitant,Horror,100,3,Hugh,Grant
101839,Little Sweetheart,Suspense,93,2,TJ,Miller
104600,Binhi,Horror,91,1,Seann,William
105747,Go Buster  Buster the Wizard and Mo,Kids,38,3,Sarah,Davenport
103889,Dead Space Aftermath,Animation,78,3,Nicole,Brydon
105709,Hamptons Legion,Action,98,5,Bruce,Campbell
100689,The Dragon Pearl,Action,95,5,Daisuke,Ono
100334,Timber War,Western,54,3,Richard,MofeDamijo
102393,Gallowwalkers,Action,93,3,Clara,Rugaard
104615,Nikka Zaildar 3,Comedy,55,2,Fabrizio,Copano
105926,Private Property  A PsychoSexual Th,Action,106,1,Anya,TaylorJoy
102990,Boyfriend School The,Comedy,55,3,Irrfan,Khan
102367,George Carlin You Are All Diseased,Arts,100,4,Hikaru,Utada
100900,Step On It,Action,116,5,Javier,Gutirrez
103281,American Experience Wyatt Earp,Special Interest,53,5,Macon,Blair
101813,Lost Child,Horror,61,2,Dulquer,Salmaan
102286,Grinders,Documentary,74,1,Luciano,Gonzlez
105274,Kal Ho Naa Ho,Comedy,65,4,Wale,Ojo
101858,Lighthouse Island,Fantasy,25,4,Mark,Wahlberg
101152,Right At Your Door,Drama,91,2,Victoria,Barabas
102080,Ishqeria,Comedy,118,3,Harrdy,Sandhu
104597,Caribbean Cookout,Comedy,75,5,James,Franco
101345,Perfume The Story of a Murderer,Drama,100,5,Emma,Roberts
105447,DW Griffiths Abraham Lincoln  The W,Action,88,1,Samuel,West
103026,Blood On The Sun,Action,118,5,Salman,Khan
104397,Bhalobasar Onek Naam,Romance,15,5,Axle,McCoy
101942,Kill Order,Science Fiction,77,4,Samira,Wiley
103476,30 Minutes of Relaxation,Special Interest,102,5,Eric,Bauza
103565,10 Minute Meditation for Sleep,Faith and Spirituali,23,1,Larenz,Tate
101970,Kandam,Science Fiction,60,2,Kento,Yamazaki
105261,Noorie,International,174,2,Zahiril,Adzim
105565,Once Upon A Time In Philly,Action,94,1,Pierfrancesco,Favino
103286,American Experience Tesla,Documentary,54,1,Lina,Larissa
105537,Meaner Than Hell,Western,84,4,Daryl,Sabara
104614,Off the Menu,Comedy,100,1,Guy,Martin
105105,Nuvvante Pichhe,Comedy,103,1,Ricky,Gervais
102499,Fathers  Daughters,Drama,116,1,Kevin,Hart
102541,Escape from the Bronx,Action,90,1,John,Lloyd
100375,The Zombie King,Comedy,96,3,Chyler,Leigh
105976,Agent Revelation,Action,86,2,Kevin,Bacon
105653,My Spy,Action,101,2,Saara,Chaudry
103003,Boonie Bears Blast Into the Past,Animation,90,5,Lana,Condor
101824,Lola  Virginia volume 4,Animation,49,3,Bethany,Hamilton
104467,Honey Boy,Drama,106,5,Steve,Carell
105689,Parol Tamil,Action,106,5,Jim,Henson
103477,30 Minutes of Natures Beauty,Special Interest,30,3,Rory,Scovel
104792,Blockade,Action,106,1,John,Lloyd
101703,MCA Middle Class Abbayi,Drama,103,1,Ylmaz,Erdoan
100060,Xchange,Fantasy,109,3,Mandy,Grace
104453,Confession,Suspense,95,1,Dane,Cook
100052,Yoga for Abdominal Breathing,Special Interest,118,3,Emma,Roberts
102083,Is Mindfulness Right for You,Documentary,118,3,Harish,Verma
105041,Love is Blind,Comedy,93,3,Ramsey,Nouah
104152,Eden,Drama,98,2,Christoph,Sanders
105085,College,Comedy,65,1,Jennifer,Lopez
105153,Honesty Weekend,Comedy,76,4,Anil,Kapoor
102290,Greg Fitzsimmons Life On Stage,Arts,86,5,Travis,Scott
101735,Mario And Fafas Wacky Lessons,Comedy,93,1,Iqbaal,Ramadhan
100118,Where Love Found Me,Action,85,4,Martin,Lawrence
102511,Falcon Rising,Action,101,2,Nate,Bargatze
101951,Kevin Smith Silent But Deadly Exten,Arts,85,4,Rajkummar,Rao
100552,The Lucy Show  Vol 2,Comedy,70,5,Anamaya,Verma
105739,Payback,Drama,91,2,Selva,Rasalingam
103930,American Dreamer,Suspense,93,1,Marlon,Wayans
104569,Office Air,Comedy,40,2,Maaya,Sakamoto
105479,Decades Apart The Noir Cut,Science Fiction,21,2,Kate,Murphy
100202,Valentine DayZ,Comedy,79,5,Maximilian,Schmidt
104278,New York Citys 5th Avenue at Night ,Special Interest,110,3,Taiwo,Obileye
105224,Once Upon a Time in London,Action,111,1,Martin,Starr
103410,A Husband For Christmas,Comedy,87,5,Edward,Norton
100890,Still Today,Comedy,82,2,Julia,WieniawaNarkiewicz
102028,Jim Gaffigan Noble Ape,Arts,60,1,Eddie,Redmayne
100117,Whistle Stop,Drama,106,1,Eddie,Murphy
105548,Mixed Up,Drama,106,3,Shree,Cooks
102691,Death of a Child,Documentary,79,2,Sam,Kinison
105821,Drastic Measures,Drama,79,2,Toby,Sebastian
101618,Moondog Airwaves,Comedy,33,5,Rano,Karno
102973,Breaking  Exiting,Comedy,78,5,Ricki,Stern
104082,Beautiful in the Morning,Drama,96,1,Jonathan,Park
105003,Broken Vows 2016,Horror,91,5,Raghuvir,Yadav
101581,Mr Family Man,Arts,55,1,Ramsey,Nouah
105969,Brothers,Action,60,1,Ewan,McGregor
101292,Pocket full of game,Action,95,4,Boman,Irani
105809,Lea  Pop  Twinkle Twinkle Little St,Animation,108,1,Antonio,Banderas
101610,Morning Meditation on Lake Washingt,Documentary,59,4,Saeed,AlSheryani
101764,Mahanati Telugu,Drama,54,1,Zita,Hanrot
102436,Four Enchanted Sisters,Action,66,5,Antonella,Costa
104019,Jeff Dunham Unhinged in Hollywood,Arts,59,2,Hayden,Christensen
100607,The In Crowd,Drama,98,1,Saurav,Chakraborty
104025,George Carlin Its Bad For Ya,Arts,69,4,Amy,Winehouse
101435,Oliver Twist,Drama,98,3,Odunlade,Adekola
103789,Putham Pudhu Kaalai,Drama,59,1,Tom,Segura
101646,Mitchell,Action,98,2,Ahmed,Helmy
103812,Maximum Impact,Action,110,5,Ralphie,May
104333,Fasten Your Seatbelt,Comedy,89,4,Chow,Yun
103961,Morphle  My Magical Storytime  More,Animation,43,3,Amitabh,Bachchan
101666,Mila and Morphles Magical Friendshi,Animation,48,4,Aamir,Khan
104032,Burj Khalifa Dubais Vertical City,Documentary,52,4,Brenton,Thwaites
105810,Lea  Pop  Baby Shark  More Kids Son,Animation,52,2,Keanu,Reeves
105892,Cisco Kid in  Phoney Sheriff  Lynch,Action,53,2,Miles,Teller
104795,An American Rhapsody,Drama,62,2,Jimi,Hendrix
104978,El Cid The Legend,Documentary,63,4,Mel,Gibson
102096,Instant Death,Action,84,3,Romany,Malco
100597,The Job,Action,86,5,Robert,Downey
105533,RiffTrax Live Time Chasers,Comedy,106,3,James,Franco
105982,Fugitive Pieces,Drama,106,5,Michael,Fassbender
102266,Hang Loose,Comedy,106,3,Taron,Egerton
106034,Insaaf Ki Awaaz,Action,59,1,Shaan,Shahid
104206,Christian Hymns,Faith and Spirituali,64,4,Tony,Hale
101605,Morphle  Robot Mila and More Cartoo,Animation,81,3,Alice,Eve
106042,Beyond The Black Rainbow,Horror,110,2,Sharman,Joshi
103905,Can We Take a Joke,Arthouse,75,3,Taher,Farouz
104919,Cut the Rope  Om Nom Stories Video ,Animation,23,2,Paul,Bettany
105887,Fanboys,Action,90,5,Brenton,Thwaites
104295,Biswa Kalyan Rath Sushi,Comedy,76,5,Alexandre,Rodrigues
104158,Cold War,Arthouse,89,2,Billy,Graham
102232,Heidi,Adventure,111,3,Cassandra,Ciangherotti
101503,New Faces,Arts,97,4,Tommy,Lee
102245,Hate Story 4,Drama,95,2,Boyd,Holbrook
100753,The Bands Visit,Arts,68,5,Dylan,Walsh
103819,Manikarnika The Queen of Jhansi,Action,112,3,Chris,DElia
105130,All Hallows Eve,Kids,76,2,Amitabh,Bachchan
102735,Dan Cummins Dont Wake The Bear,Arts,76,1,Vir,Das
101892,Learn With Blippi  Educational Vide,Kids,60,2,Weruche,Opia
104415,Mean Man The Story Of Chris Holmes,Documentary,78,1,Benedict,Cumberbatch
101341,Petromax,Horror,86,1,Afonso,Padilha
102404,Galapagos Realm of Giant Sharks,Documentary,53,2,Suyog,Rajendra
105338,Baby Shark  More Kids Songs Little ,Animation,48,1,Michael,James
100825,TRex Ranch Dinosaur Adventures,Kids,98,1,Blanche,Gardin
103442,99 F,Comedy,97,5,Chloe,East
102572,Ekaj,Drama,80,4,John,Lloyd
103389,A Talent For The Game,Drama,91,5,Nesta,Cooper
101200,Real American Hero,Action,90,1,Brenda,Wairimu
102051,Jay Pharoah Can I Be Me,Arts,63,5,Roy,Chiu
101241,Pure the movie series,Drama,104,3,Jaden,Michael
105456,Haikarasan Here Comes Miss Modern P,Anime,97,1,Samuel,West
105569,Making Babies,Comedy,86,2,Michelle,Williams
104162,Calendar Girl,Arts,30,5,Jason,Ritter
104078,Dan Cummins Get Outta Here Devil,Arts,81,5,Adrien,Brody
104395,Christmas DoOver,Comedy,90,3,Omar,Sharif
105847,Perfect Strangers,Drama,99,1,Tom,Hanks
104451,Dark Seed,Horror,102,4,Benson,Jack
105269,Mardaani,Drama,84,2,Jimmy,Shergill
101986,KGF Chapter 1 Malayalam,Action,61,2,Dian,Sastrowardoyo
103968,Into His Arms,Drama,75,2,Nicholas,Hoult
102790,Cool World,Action,60,5,Guru,Somasundaram
105702,PrimeVideoQATestMovie16 US,Action,5,3,Josh,Charles
106061,Drowning Mona,Comedy,96,5,Zygmunt,Hbner
101476,Noelle,Drama,96,5,Akshay,Kumar
104171,All In The Fight for Democracy,Documentary,102,1,Ricardo,Darn
101681,Michael Loftus Youve Changed,Arts,59,5,Grace,Van
101179,Restoring the Shack,Documentary,101,2,Liam,Neeson
103915,Bikes of Wrath,Documentary,90,3,Jamie,Bell
101151,Rise of the Great White Shark,Documentary,85,2,Thomas,Gullestad
104666,Mortal,Fantasy,89,4,John,Sessions
104812,Cats,Action,91,5,Anna,Faris
104348,Rambo Last Blood 4K UHD,Action,89,4,Pierce,Brosnan
105202,Murder in Gavea,Drama,81,5,Andy,Lau
101108,Saints and Soldiers Airborne Creed,Action,95,5,Sarah,Troyer
103255,Angelas Ashes,Adventure,90,2,Jerry,Seinfeld
102056,Jasper Mall,Documentary,84,1,Michelle,Wolf
104848,Creepshow 2,Horror,85,4,Uma,Thurman
103316,Alley Cat,Action,83,3,Lewis,Rainer
100956,Soapdish,Comedy,96,2,Kenan,Thompson
101998,Judge Priest,Comedy,81,5,Matthew,Reese
105507,Hard to Get,Action,92,2,Kirsten,Dunst
100509,The North Star,Drama,106,4,Michael,Jai
104092,Scary Laughs 2,Comedy,82,5,Puri,Hiranyapluek
100304,Tom Rhodes Light Sweet Crude,Arts,56,4,Younes,Bouab
104935,Mitzi Whats Hot Whats Not,Arts,51,2,Quincy,Jones
104738,Bad Blood,Horror,80,3,Lise,Danvers
100970,Smash Up Story Of A Woman,Drama,104,2,Panji,Zoni
105970,Boonie Bears The Big Top Secret,Animation,106,2,Don,Cheadle
104608,10Minute Guided Meditation,Fitness,118,2,John,Travolta
105707,Hollow Scream,Horror,87,5,Jason,Segel
101771,Maggies War,Documentary,89,4,Brooklynn,Prince
103408,A Journey Through Chicago,Special Interest,60,4,Zeenat,Aman
102225,Here We Go Round the Mulberry Bush,Comedy,97,4,Gading,Marten
104885,Beautiful,Comedy,112,1,Jack,Black
105545,Charlene,Arthouse,56,3,Nicolas,Hope
105019,Loaded Dice,Action,91,2,Lautaro,Perotti
104517,I LOVE YOU TOO,International,92,1,Kimberly,Elise
104014,Killer Sofa,Comedy,81,4,Kevin,Spacey
103173,Backtrack,Drama,100,2,Lucas,Lauriente
104913,Hunt vs Lauda F1s Greatest Racing R,Documentary,48,5,Julie,Maddalena
101765,Magical Playtime with Mila and Morp,Animation,49,4,Seth,Carr
100947,Sometimes Always Never,Comedy,64,1,Tony,Parker
100169,Wait For Your Laugh,Arts,85,3,Anmol,Limbu
103638,Face the Music,Comedy,86,1,Alain,Saadeh
100788,Texas Legionaires,Western,55,2,Gabriel,Iglesias
102919,Captain Calamity,Action,74,2,Gippy,Grewal
104741,100M Criminal Conviction,Drama,98,5,Halil,Sezai
101196,Recoil,Action,94,5,Nadia,Tueni
105686,Pounce,Horror,72,3,Jack,Black
104861,45 Days To Be Rich,Comedy,75,2,Kapil,Sharma
104579,Jugni,Drama,111,2,Patrika,Darbo
105011,Romance Analyst,Comedy,92,3,Hugh,Bonneville
103875,Extracted,Action,89,5,Charlize,Theron
101498,Nic  Tristan Go Mega Dega,Kids,94,2,Thiago,Ventura
104210,Astitwa,Drama,98,4,Cristine,Prosperi
100353,Those We Love,Drama,91,3,Harrison,Ford
102408,Fury of the Fist and The Golden Fle,Action,108,4,Abhay,Deol
104828,Perfect Plan,Drama,89,2,Meg,Ryan
100162,Walkaway Joe,Action,107,5,Anton,Yelchin
100562,The Liberation of LB Jones,Drama,57,4,Angelica,Panganiban
105748,Geckos Garage  STEM Learning for Ki,Kids,59,2,Haley,Bennett
101496,Nick Cannon Fk Nick Cannon,Arts,97,2,Samuel,L
105022,Journeys End,Drama,118,3,Irene,Wan
104473,Arnez J Racially Motivated,Arts,59,4,Kurt,Russell
102277,Guitar for Sleep and Relaxation 45 ,Music Videos and Con,46,2,President,Barack
101613,More To Life,Drama,90,3,Juan,Daniel
102820,Clip Lego Batman Gameplay,Kids,100,5,Harbhajan,Mann
101101,Sand Castles,Drama,72,5,Boman,Irani
103393,A Second Chance,Comedy,94,3,Marc,Maron
104081,Before Your Time,Drama,119,1,Jack,CutmoreScott
104939,Mitzi Gaynor and 100 Guys,Arts,90,2,Greg,Kinnear
100974,Slipstream,Fantasy,90,4,Johnny,Depp
100967,Snapshots,Drama,95,4,Martin,L
101983,Kaafi Filmy,Arts,53,5,Oscar,Martnez
105811,La fille aux deux visages,Horror,75,3,Keanu,Reeves
105818,Eruption LA,Action,87,3,Zoe,Kazan
101348,Penguin Telugu,Drama,93,4,Gerald,Anderson
102733,Dana Gould I Know Its Wrong,Arts,55,1,Yalitza,Aparicio
105265,Meri Pyaari Bindu,Comedy,90,1,Halle,Berry
105799,Nose,Arts,84,5,Ice,Cube
103650,Blippi and Friends Halloween Specia,Animation,80,4,Danny,Glover
104829,Oorantha Anukuntunnaru,Drama,61,1,Farooq,Shaikh
101195,RED GARTERS,Western,91,5,Rola,Beksmati
104912,I Am Fear,Horror,112,2,Jeannie,Elias
103447,8 Minute Meditation to Forget and F,Special Interest,38,1,Jean,Dujardin
103976,Amy Lee Dream Too Much,Animation,101,2,Antoine,Bizet
103106,Bells of San Angelo,Western,100,2,Gillian,Jacobs
103197,Atone,Action,90,4,Zaira,Wasim
102016,Joel McHale Live from Pyongyang,Arts,84,4,John,Mulaney
101568,Murder With Pictures,Suspense,70,2,Seiran,Kobayashi
101486,Night at the Follies,Arts,65,2,Lukram,Smil
102673,Dhruva,Action,59,4,Genevieve,Nnaji
101221,Rain Fall,Action,111,3,Yami,Gautam
