series_ID,Title,genre,Qualification,name_of_protagonis_actor,surname_of_protagonist_actor,number_of seasons
100339,Tiger Zinda Hai,Horror,3,Christian,Bale,3
101855,Like Blood,Documentary,2,Abhay,Deol,2
101650,Missing,Arts,4,Bronwen,Mantel,2
103302,Amateur Night,Horror,4,Antonio,Banderas,1
104763,Salmonberries,Drama,4,Kay,Kay,3
104637,Junooniyat,Documentary,2,John,Lloyd,2
102090,Invisible Life,Comedy,5,Cassandra,Ciangherotti,2
100038,You Me and Him,Drama,3,Jonathan,Park,3
105290,Don,Arts,5,Billie,Joe,2
101396,Pacto de Fuga 4K UHD,Drama,3,Jay,Baruchel,2
104085,Alan Jackson  Small Town Southern M,Comedy,1,Aishwarya,Rajesh,1
105273,Kill Dil,Action,5,Emile,Hirsch,2
105259,OK Jaanu,Suspense,1,Francesco,Carril,2
103688,Chonda Pierce Laughing in the Dark,Drama,5,Ajay,Devgn,1
103056,Black November,Comedy,1,Gang,Dongwon,1
102869,Chiara Ferragni Unposted English Su,Kids,3,Eddie,Murphy,1
100155,War Tamil,Drama,5,Ini,DimaOkojie,3
100154,War Telugu,Animation,1,Inpyo,Cha,3
101624,Monster Truck Counting For Kids,Animation,3,Aamir,Khan,2
101623,Monster Truck Word Crusher Part 3,Action,4,Aaron,Eckhart,2
100015,Elon Musk The Real Life Iron Man,Suspense,3,Dane,Cook,2
100004,Pink Staying True,Action,2,Frank,Grillo,2
101128,Rotters,Documentary,4,Joel,Edgerton,3
103827,Little Red Wagon,Arts,5,Herjunot,Ali,2
105514,Critical Condition,Comedy,1,Alessandro,Borghi,1
100387,The Woman of the Town,Kids,2,Harbhajan,Mann,3
105806,Mary 4 Mayor,Drama,3,Ashleigh,Ball,2
106127,Fratricide,Fitness,4,John,Travolta,2
103250,Angry White and American,Action,5,Amol,Palekar,1
102007,Jon Reep Ginger Beard Man,Action,3,Abbi,Jacobson,2
104480,Sebastian Maniscalco Arent You Emba,Drama,2,Adam,Rayner,3
101741,Margaret Cho Psycho,Documentary,5,Charlize,Theron,2
103343,Al Jackson Baby Steps in a Yellow T,Animation,4,Ema,Horvath,1
103085,Bhaagamathie,Arts,1,Edward,Chen,1
101533,Nadigaiyar Thilagam Tamil,Documentary,3,Elizabeth,Taylor,2
105150,Midsommar,Drama,5,Brian,Regan,2
105521,Bewakoofiyaan,Drama,3,Fumi,Nikaido,1
105264,Mujhse Fraaandship Karoge,Drama,3,Jim,Sturgess,2
102632,Domain,Drama,4,Darsheel,Safary,2
103454,6Headed Shark Attack,Action,2,Ahmed,Hassan,1
101560,My Dog Stupid,Action,3,Clara,Rugaard,2
102587,Eat With Me,Arts,2,David,Harbour,2
103884,Echoes of Fear,Special Interest,3,Kathryn,Bernardo,2
104257,Demon House,Comedy,4,Braeden,Lemasters,2
104400,Ann Rules Too Late to Say Goodbye,Comedy,2,Agustn,Aristarn,1
103888,Deadlocked,Action,3,Brian,Austin,1
102113,Inconceivable,Action,3,Asher,Bishop,2
103490,23 Blast,Arts,1,John,Lloyd,1
105070,Pulanaivu,Horror,2,Fedi,Nuril,2
105348,Rage,Romance,4,Helen,Mirren,2
100920,Spring 1941,Horror,2,Dulquer,Salmaan,3
101552,My Kid Could Paint That,Suspense,5,Jeremy,Scott,2
104273,Reaching For The Moon,Arts,5,Josh,Duhamel,2
105857,Hawk  Rev Vampire Slayers,Drama,1,Genevieve,Nnaji,2
103637,For Better for Worse,Drama,2,Jerry,Lewis,2
105934,La Chica del Lago,Western,3,Gillian,Jacobs,2
105723,El Duende Satiro,Action,5,Jonas,Nay,2
101336,Photograph,Drama,1,Carmen,Electra,2
100639,The Gospel Of John,Drama,2,El,Negro,3
101393,Pagalpanti,Drama,3,Aubrey,Peeples,2
101694,Meet Monica Velour,Drama,2,Enyinna,Nwigwe,2
103383,A Turma do Sextou  A Princesa  o Sa,Documentary,3,Erica,Wessels,1
100297,Tomorrow When The War Began,Action,4,John,Lloyd,3
101655,Miracle Kid,Arts,2,Aamir,Khan,2
101385,Panthers Claw,Action,2,Alden,Ehrenreich,2
101269,Prescription Thugs,Comedy,2,Jennifer,Lopez,2
100325,Titanic The Shocking Truth,Arthouse,3,Kathryn,Bernardo,3
101962,Katha Sangama,Action,4,Jim,Carrey,2
104169,Android Uprising,Drama,3,Christian,Bale,1
101402,Owen Benjamin Huge Pianist,Drama,5,Grard,Depardieu,2
104977,Favourite Nursery Rhymes,Animation,1,Alice,Eve,2
103169,Bad Company,Romance,3,Emile,Hirsch,1
103054,Black Robe,Drama,1,Debby,Ryan,1
100546,The Man Who Knew Bush,Drama,2,Alden,Ehrenreich,3
105349,Psychophony,Comedy,5,Billy,Bob,2
105181,Midnight Devils,Drama,2,Jacky,Cheung,2
102064,Jalebi  The Taste of Everlasting Lo,Special Interest,1,Franois,Cluzet,2
105655,Love Games,Comedy,2,Brigitte,Kali,2
102304,Goyenda Junior,Action,4,John,David,2
102768,Crazy,Action,3,Joseph,GordonLevitt,1
102743,Cyber Bully,Arts,4,Anders,Danielsen,1
102218,Hi De Ho,Action,5,Jessica,Chastain,2
101671,Mike Birbiglia What I Should Have S,Drama,1,Adam,Sandler,2
100790,Terrordactyl,Arthouse,5,Jackie,Chan,3
101759,Make Us Dream,Drama,5,Hajira,Yamin,2
103378,A World Away,Horror,4,Jitendra,Joshi,1
103643,Deep Water The Real Story,Action,5,Charles,Grodin,2
105126,Corporate Prey,Horror,4,Amanda,Schull,1
103468,306 Hollywood,International,5,Antonio,Banderas,1
101879,Leo The Last,Documentary,2,Benedict,Cumberbatch,2
104875,On The Edge,Action,5,Jack,Black,2
105495,Santo The Fist Of Death,Comedy,5,Kat,Graham,3
103681,Matt Braunger Finally Live In Portl,Horror,5,Katie,Couric,2
100098,Wildfire 7,Comedy,3,Arnali,Das,3
105584,Gods Miracles,Horror,3,Ahsan,Khan,2
100083,Wizard of Loneliness The,Comedy,3,Chloe,East,3
102321,God City Da Movie,Horror,3,Debi,Derryberry,2
102157,I Am Road Comic,Drama,1,Ewan,McGregor,2
101430,On the Trail of Bigfoot The Search,Documentary,1,Abigail,Spencer,2
101068,Secret Valley,Documentary,5,Christian,Bale,3
102231,Held For Ransom,Horror,4,Jason,Segel,2
103109,Behind Green Lights,Drama,1,Emma,Roberts,1
104028,Devil in the Dark,Suspense,1,Christina,Ricci,2
103149,Barefoot Boy 1938,Comedy,1,Daniela,Ramrez,1
100681,The Endless Summer,Comedy,5,Daryle,Lamont,3
105564,Prisoner Number A26188 Surviving Au,Comedy,5,Hyun,Bin,2
104312,Samantha Hale Only Happy When Its R,Comedy,2,Kapil,Sharma,3
103231,Apollo 13,Documentary,4,Big,Sean,1
102872,ChiTown,Horror,1,Kate,Higgins,1
104519,DIARY OF A CHAMBERMAID,Documentary,5,Amaury,Nolasco,2
101417,One Small Hitch,Kids,2,Amr,AbdelGeleel,2
102293,Greatest Show On Earth,Drama,4,Jared,Leto,2
105602,Beyond The Mask,Drama,2,Carey,Mulligan,1
103329,Alien Uprising,Documentary,3,Jay,Chou,1
102074,Izzies Way Home,Arthouse,2,Daniel,Amerman,2
103613,Nightmare At Bitter Creek,Animation,3,Amitabh,Bachchan,2
105446,Dark Disciple,Comedy,2,Brie,Larson,1
101355,Peculiar Pets,Documentary,5,Daniel,Craig,2
102792,Contradiction A Question Of Faith,Special Interest,1,Julia,WieniawaNarkiewicz,1
103259,Andy Murray Resurfacing,Arts,1,Greta,Gregory,1
104321,Its A Wonderful Life,Drama,3,Freida,Pinto,2
101528,Narc,Suspense,1,Adrian,Pasdar,2
103970,Honor Amongst Men,Animation,2,Antoine,Bizet,2
102744,Curley 1947,Comedy,2,Kenjiro,Yamashita,1
102070,Jack Logan,Comedy,2,JeanClaude,Van,2
101853,Line of Duty,Drama,5,Akshay,Kumar,2
104931,Ruta Madre,Documentary,5,Emma,Thompson,3
101243,Pull of the North,Drama,1,AiAi,de,2
101693,Meet The Mayor,Kids,2,John,Connors,2
104986,In Search of Doc Holliday,Action,2,Akshay,Kumar,2
104673,Got My Hustle Up,Horror,4,Kavin,Jay,2
103382,A Turma do sextou  A TV ideal,Documentary,2,Jeff,Dunham,1
103272,Amish Grace,Documentary,3,Antonio,de,1
105028,Burning,Adventure,1,Helen,Mirren,1
103840,Jim Breuer And Laughter For All,Documentary,2,Adrien,Brody,2
102809,Colin Quinn Unconstitutional,Animation,1,Ajay,Devgn,1
103014,Bob Saget Zero To Sixty,Suspense,4,Akshay,Kumar,1
102968,Brent Weinbach Appealing To The Mai,Special Interest,2,Bjarke,Ingels,1
102126,Iliza Shlesinger War Paint,Drama,4,Chad,Michael,2
102384,Gary Gulman In This Economy,Drama,3,Gina,Yashere,2
102055,Jasper Redd Jazz Talk,Action,2,Imran,Khan,2
103893,DL Hughley Clear,Action,1,James,Purefoy,1
101952,Kevin Nealon Whelmed But Not Overly,Arts,3,Jason,Ritter,2
100317,Todd Glass Talks About Stuff,Drama,3,Jimmy,Shergill,3
104622,Adam Newman Fuzzies,Action,5,Josephine,Langford,1
104934,Mitzi Zings into Spring,Drama,3,Irene,Wan,2
100093,William Tecumseh Sherman Beyond the,Drama,2,Andy,Lau,3
104639,Hindi Medium,Drama,2,Alex,Heartman,2
105037,Protibimbo,Special Interest,3,Emma,Roberts,2
104031,Dawn,Western,1,Gitte,Witt,1
103166,Bad Match,Kids,3,Bella,Thorne,1
102308,Gook,Horror,5,Hugh,Grant,2
102875,Chee  T,Drama,5,Bjarke,Ingels,1
105298,Chandni,Special Interest,2,Evan,Todd,1
102547,Ephraims Rescue,Animation,4,Ben,Freeman,2
101340,Petunia,Action,4,Christopher,Showerman,2
101717,Masterminds,Arts,4,Joey,Camen,2
102154,I Cant Believe Im Telling You This,Drama,1,Abbie,Cornish,2
100479,The Prisoner,Arts,2,Dylan,Walsh,3
101950,Khuda kasam,Horror,1,Jay,Duplass,2
102100,Inside Llewyn Davis,Drama,5,Gordon,Liu,2
104285,Hot Mess,Horror,2,Angelica,Panganiban,2
102358,Ghost in the Graveyard,Western,3,James,Lawrence,2
100391,The Wise Kids,Action,2,Eva,Swan,3
101615,More Beautiful for Having Been Brok,Documentary,2,Kay,Kay,2
103025,Blood Sand and Gold,Action,4,Edwin,Goh,1
101384,Paper Planes,Action,3,Andrew,M,2
104328,Gotti,Drama,4,Cas,Jansen,2
101909,Lady Behave,Action,3,Irrfan,Khan,2
103270,Among Us,Science Fiction,2,Kate,Murphy,1
100750,The Beastmaster,Romance,1,Alex,Heartman,3
103066,Billionaire Boys Club,Science Fiction,1,Anika,Noni,1
101474,Northern Borders,Drama,4,Jack,CutmoreScott,2
104023,Heart Of The Rockies,Military and War,1,Ajay,Devgn,2
101395,Paddle to the Ocean,Drama,3,Anil,Kapoor,2
102152,I Cover the Waterfront,Drama,2,Andrew,M,2
102699,Dead Trigger,Documentary,1,Geetika,Vidya,1
101861,Life With Father  1947 Color Digita,Suspense,2,Ahmed,Eid,2
104635,Magic Max,Comedy,3,Arnold,Schwarzenegger,2
105671,A Vigilante,Drama,1,Daniel,Faraldo,1
105400,Fack Ju Goehte 3,Action,2,Adam,Sandler,2
104808,Halloween Party,Arts,2,John,Mulaney,2
101619,Moondance Alexander,Drama,2,Dee,Bradley,2
102215,High Strung,Drama,4,Helen,Mirren,2
105325,Red Woods,Arts,3,Dolph,Lundgren,2
102528,Explorers,Horror,1,Afonso,Padilha,2
102402,Gallagher An Uncensored Evening,Comedy,5,Aki,Toyosaki,2
105803,Mere Jeevan Saathi,Arts,5,Gina,Yashere,2
104992,About Hope,Horror,1,Faisal,Al,1
100125,When in your reflection,Drama,4,Brave,Williams,3
105568,Manhattan Night,Suspense,2,Emma,Watson,2
102137,Ice,Action,5,Gippy,Grewal,2
100489,The Perfect Match 1987,Drama,2,Cate,Blanchett,3
102071,Jack Goes Home,Drama,4,Cosmo,Jarvis,2
100531,The Monster Squad,Drama,1,Joel,Courtney,3
103877,Every Little Step,Drama,1,Baaj,Adebule,2
106045,2 Days In New York,Horror,3,Adam,Sandler,1
102994,Bottom of the 9th,Drama,5,Kartik,Aaryan,1
105593,Dubsmash,Action,2,Brenda,Wairimu,2
103690,Borsalino and Co,Drama,4,Ezgi,Mola,1
103928,Andrew Santino Homefield Advantage,Adventure,1,Jerry,Seinfeld,1
104437,Original Gangster,Drama,5,Adil,Hussain,2
102842,Christmas Recipe for Romance,Drama,3,Hugo,Silva,1
105824,Cleo,Comedy,3,Jackie,Shroff,1
102765,Creative Control,Documentary,4,Funke,Akindele,1
104969,Quilombo,Action,1,Arnold,Schwarzenegger,2
104985,Love Rosie,Documentary,3,Jimmy,Shergill,2
104571,Naz  Maalik,Drama,4,James,Stewart,2
105039,Prey Before You Eat,Drama,3,Christien,Anholt,2
105828,Back For Good,Horror,2,Charlize,Theron,1
103244,Anna,Kids,5,John,C,1
100020,Zoe,Comedy,1,Jason,Sudeikis,3
104168,Angel of the Skies,Action,4,Amrinder,Gill,1
101278,Posse,Comedy,3,Amitabh,Bachchan,2
104764,Ruin Agency,Action,1,Charlotte,Vega,3
105663,Brittany Runs A Marathon,Documentary,2,Jack,Whitehall,1
100994,Sing Sing Nights,Arts,5,Greg,Kinnear,3
106103,American Mobster Miami Shakedown,Kids,2,Donnie,Yen,1
101227,Race 3,Drama,2,Janna,Levin,2
100903,Stealing Paradise,Arthouse,2,Jeffrey,Wright,3
102628,Dont Let Them In,Drama,1,Armistead,Maupin,2
103356,Adimurai,Action,3,Chalad,Na,1
101364,Pattas Tamil,Drama,2,Jack,OConnell,2
102977,Bravetown,Arts,1,Eddie,Redmayne,1
102963,Brigham City,Documentary,3,Keith,Richards,1
103492,2047 Virtual Revolution,Action,4,Jene,LaMarque,1
101144,Robin Hood Silent,Adventure,2,Jason,Statham,2
102185,Hostile Border,Drama,5,Chadwick,Boseman,2
103633,High Wild and Free,Action,2,Joseph,Millson,2
100109,Who Wrote the New Testament,Arts,1,Amanda,Seyfried,3
101357,Pay The Ghost,Kids,2,Hassan,El,2
103686,Gringo,Comedy,3,Ethan,Hawke,2
104366,Prayanikudu,Arts,2,Jacob,Gregory,2
103691,Blood Fest,Comedy,2,Anoop,Menon,1
102219,Heterosexual Jill,Action,2,Junaid,Akhtar,2
104409,Sawah,Comedy,5,Harrdy,Sandhu,3
101350,Penance Lane,Drama,5,Ahmed,Ezz,2
105515,Cow Town,Music Videos and Con,2,Benot,Magimel,1
104777,Loaded Pistols,Horror,3,Dave,Johns,2
103034,Blippis Educational Vehicle Videos,Action,1,Dharmajan,Bolgatty,1
102822,Clip Elsa from Frozen Cooking Show ,Action,1,Elsa,Dorfman,1
105355,Go Buster  Classic Nursery Rhymes a,Comedy,5,Eric,Meyers,2
104163,Blippis Great Green Adventure,Action,3,Graham,Phillips,1
103035,Blippi  Visit the Playground with B,Action,5,Javier,Gutirrez,1
100287,Top Secret Rosies The Female Comput,Comedy,1,Goo,Jin,3
103865,Get Thrashed The Story Of Thrash Me,Documentary,2,Hilary,Swank,2
103253,Angels in the Snow,Drama,5,Dani,Rovira,1
102487,Fever Pitch,Action,1,Antonella,Costa,2
104846,Doors Open,Fantasy,2,Johnny,Depp,2
100255,Try Not To Laugh  Black Comics,Drama,2,Alban,Lenoir,3
104998,Love You Right,Arts,5,Harley,Quinn,2
104377,Monsieur Lazhar,Comedy,3,Irrfan,Khan,2
100628,The Haunting of Sharon Tate,Comedy,1,Fan,Bingbing,3
102474,Finding Grace,Documentary,4,Gen,Hoshino,2
102709,Daydream Believers The Monkees Stor,Special Interest,5,Angel,Locsin,1
102581,Eddie Pepitone In Ruins,Action,1,Hedi,Bouchenafa,2
104144,Harriet Tubman  They Called Her Mos,Action,2,Eileen,Yez,2
103287,American Experience Rachel Carson,Comedy,1,Kartik,Aaryan,1
103193,Author The JT LeRoy Story,Action,2,Bill,Burr,1
105100,Restricted Area Baron Palace,Documentary,5,Amitabh,Bachchan,2
102796,CONFLICTED,Animation,1,Clint,Eastwood,1
102814,Code Of The Red Man,Drama,1,Denzel,Washington,1
101481,Ninja III The Domination,Documentary,5,Jennifer,Aniston,2
102817,Cloudburst,Drama,4,Dennis,Quaid,1
103944,10 Rillington Place,Arts,3,Hikaru,Utada,1
104947,Garden of Eden,Action,1,Chapman,To,2
100687,The Dying of the Light,Documentary,5,Josh,OConnor,3
104033,Brian Gaar Jokes I Wrote At Work,Comedy,1,Iqbaal,Ramadhan,1
103465,37Teen,Comedy,3,Jim,Carrey,1
100112,Whitney Cummings Money Shot,Western,1,Jessica,Allain,3
101989,Just Charlie,Comedy,4,Karole,Rocher,2
100005,Monster Maker,Drama,3,Kari,Alison,2
101509,Neath Brooklyn Bridge,Animation,4,Ankush,Chaudhari,2
102993,Bowery at Midnight,Special Interest,2,Eduardo,Noriega,1
104858,Abuses,Kids,4,Adriana,Paz,1
101712,Max Steel Fusion Tek,Drama,1,Camila,Mendes,2
101709,Max Steel Turbo Warriors,Drama,5,James,Mathis,2
102661,DINNER,Horror,2,Francisca,Lozano,2
100523,The Myth of Fingerprints,Action,2,Johnny,Depp,3
100685,The Education Of Little Tree,Action,1,Ari,Irham,3
104899,Scientology,Documentary,5,Deepak,Dobriyal,3
105078,Gintama,Documentary,5,Jonah,Hill,2
105886,Fatal Fury,Kids,5,Erika,Harlacher,2
102125,Imaginary Friend,Action,4,Garrett,Ryan,2
100863,Sunnyside,Arts,1,Elijah,Wood,3
105651,Poison Rose,Action,4,Charlize,Theron,2
103696,April 28th em jarigindi,Romance,3,Jake,Short,1
104123,Rolling Stone Life And Death Of Bri,Arts,4,Adesua,Etomi,3
104297,Apartment 212,Documentary,4,Ashleigh,Sumner,1
100670,The Falls,Animation,1,Donald,Sutherland,3
103885,Durgamati  The Myth,Animation,1,Keanu,Reeves,2
103861,Grateful Dead The Grateful Dead Mov,Comedy,2,Brely,Evans,2
101755,Mambo Italiano,Action,1,Jungmin,Hwang,2
101376,Park Avenue Money Power  The Americ,Drama,5,Dan,Aykroyd,2
104258,Centipede,Action,2,Jerry,Seinfeld,1
103029,Blood and Lace,Action,1,Dirk,Bogarde,1
100009,Global Meltdown,Comedy,2,Cynthia,Kirchner,2
105594,Dead Sound,Drama,3,Danna,Paola,1
100016,Summer 03,Documentary,4,Akshay,Kumar,3
105543,Dosham,Drama,1,Craig,Sheffer,2
100100,Wilder Napalm,Documentary,5,Amruta,Subhash,3
105209,Evil Boy,Drama,2,Clive,Owen,2
102462,Fleetwood Mac The Dance,Action,3,Jirayu,Laongmanee,2
103788,Raatchasi,Drama,2,Kehinde,Bankole,2
103609,Rambo Last Blood Extended Cut,Drama,4,James,Marsden,2
105258,Pnk All I Know So Far,Action,2,Jose,Coronado,2
102473,Finding Hope,Horror,4,Ikue,Otani,2
103364,Above  Beyond,Documentary,2,Anne,Hathaway,1
102667,Dick Winters Hang Tough,Arthouse,3,George,Clooney,2
102247,Hatchet II Rated R Version,Suspense,3,David,Morrissey,2
102529,Explore The Wildlife Kingdom Lions ,Kids,3,Imran,Khan,2
105844,Road to Damascus,Documentary,3,Chutimon,Chuengcharoensukying,2
103554,15 Minutes of War,Documentary,3,Camilla,JoAnn,1
102159,Hyena Road,Comedy,3,Frank,Grillo,2
104385,Intolerance No More,Horror,2,Belim,Bilgin,2
101228,Raazi,Science Fiction,3,Holly,Hunter,2
102827,Clay,Drama,5,Aidan,Quinn,1
104648,Mumbai Saga,Documentary,2,Dawnisha,Halfkenny,2
105693,Is This A Joke,Arts,2,Anmol,Limbu,2
103901,Children of a Lesser God,Arts,1,Jen,Kirkman,1
101573,Mulligans,Documentary,1,Beverly,Naya,2
100668,The Fare,Animation,5,Don,Cheadle,3
101175,Revenge for Jolly,Special Interest,3,Franck,Dubosc,2
106101,Awake,Special Interest,5,Barun,Sobti,1
100441,The Special,Arthouse,4,Billy,Graham,3
101170,Rhythm In the Clouds,Arts,3,Adrien,Brody,2
101580,Mr Imperium,Action,1,Douglas,Smith,2
105641,A Million Hits,Horror,5,Daniel,Ewing,1
102135,Ice Guardians,Documentary,2,George,Lopez,2
100473,The Real Glory,Documentary,4,Hrithik,Roshan,3
102332,Go Buster  Adventures of Buster the,Kids,1,Bea,Alonzo,2
105563,Road Less Traveled,Drama,1,Davide,Carrera,2
104132,No Surrender,Arthouse,5,Eric,Balfour,2
102876,Cheaper 2 Keep Her,Drama,5,John,Hawkes,1
105729,Beyond Adversity,Animation,2,Karra,Elejalde,1
104203,Dark Was the Night,Comedy,1,Jack,Black,1
103887,Doug Stanhope Comedians Comedians C,Action,5,Kat,Graham,2
101182,Renfrew Of The Royal Mounted,Action,2,Colin,Firth,2
101907,Lady Valor The Kristin Beck Story,Science Fiction,3,Bette,Midler,2
103471,30 Minutes on the Central Californi,Horror,1,Benson,Jack,1
105207,Go Buster  Cartoons for Kids,Western,4,Chris,Attoh,2
102330,Go Buster  Baby Bus Cartoons,Action,4,Claire,Danes,2
104351,Iceberg Slim Portrait of a Pimp,Suspense,4,Anne,Hathaway,2
100322,To Catch a Thief,Drama,2,Huang,Lei,3
105155,Floating City,Romance,5,Kenny,Bee,2
100121,Where is Chicky  Chapter One,Drama,2,Alexandra,Daddario,3
103674,One Remains,Action,3,Addison,Timlin,2
103693,Arrest Bulldog Drummond,Suspense,2,Kaniehtiio,Horn,1
103223,Army Mystery,Drama,3,Jaden,Michael,1
101865,Life Lessons from Little Baby Bum,Comedy,2,AiAi,de,2
101849,Little Baby Bum  Humpty Dumpty and ,Suspense,4,Angie,Cepeda,2
100077,Wonderful Nursery Rhymes with Mia  ,Romance,3,Charlie,Sheen,3
105350,Nursery Rhymes Volume 7 by Little B,Action,5,Deep,Sidhu,2
101456,Nursery Rhymes Volume 3 by Little B,Drama,1,Fahad,Albutairi,2
103112,Bedtime with Little Baby Bum,Documentary,1,Fardeen,Khan,1
103965,Lets Have Fun with Little Baby Bum,Drama,5,Iqbaal,Ramadhan,2
101848,Little Baby Bum Adventure,Documentary,4,James,Franco,2
102410,Funny Animals Song and More Kids So,Documentary,5,Josh,Lucas,2
101458,Nursery Rhymes Volume 10 by Little ,Drama,4,Joyraj,Bhattacharya,2
100220,Underwater Tunes with Little Baby B,Drama,5,Julian,Morris,3
100998,Sing Along with Little Baby Bum,Comedy,5,Julian,Sands,3
102213,High The True Tale of American Mari,Comedy,5,David,Sampliner,2
102881,Chasers,Action,3,Connor,Swindells,1
104127,Pale Blue Moon,Drama,4,Bill,Hicks,2
102400,Gallagher Melon Crazy,Comedy,2,Dave,Chappelle,2
103999,Rudderless,Drama,5,Christina,Ricci,3
103932,After The Dark,Documentary,3,Joe,Taslim,1
101758,Making a Killing,Action,4,Hannah,Gadsby,2
101464,Nursery Rhymes  Jump Up and Rhyme W,Action,5,Debi,Derryberry,2
102663,Digging to China,Arts,2,Gary,Lightbody,2
102612,Dragon Eyes,Comedy,3,Daniel,Sosa,2
102670,Diana Vreeland The Eye Has To Trave,Kids,1,Ariana,Grande,2
103807,My Santa,Adventure,1,Cassandra,Ciangherotti,2
105030,American Heretics,Kids,1,Henry,Fonda,1
101431,On Putins Blacklist,Romance,2,Emir,Mahira,2
103131,Beaconsfield,Suspense,2,Betty,White,1
105870,Aalas Motaapa Ghabraahat,Comedy,4,Ayo,Makun,1
103966,Last Summer in the Hamptons,Horror,3,Alicia,Vikander,2
105708,Hello Madam,Drama,2,Gerald,Anderson,2
102350,Gimme Danger,Comedy,5,Demetri,Martin,2
100386,The Woman Who Wasnt There,Comedy,2,Ashley,Pereira,3
103130,Bear With Us,Horror,2,Evan,Peters,1
102003,Josh Blue Delete,Horror,5,Kay,Kay,2
106038,Extreme Movie,Suspense,3,Ayushmann,Khurrana,2
105570,Maaya,Action,4,Ata,Demirer,2
105538,Lockdowners,Kids,5,Ahmad,Thaher,2
104816,Hellkat,Action,2,Jake,Gyllenhaal,2
100663,The Fidel Castro Tapes,Drama,2,Harrison,Ford,3
103802,Never Let Go,Suspense,4,Alex,Heartman,2
105672,A Man Possessed,Action,2,Jorge,Garca,1
105160,Pak Pak Pakaak,Documentary,5,Jeff,Daniels,2
105940,Kabhi Khushi Kabhie Gham,Comedy,3,Demet,Akba,2
105306,Ae Dil Hai Mushkil,Documentary,4,Katt,Williams,1
105728,Blippi  Explore With Blippi and Lea,Animation,2,Bethany,Hamilton,1
103037,Blippi  Learn Colors Numbers Animal,Drama,3,Julian,Schaffner,1
105656,Knives Out,Action,5,Belim,Bilgin,2
102921,Candy,Comedy,1,Cole,Hauser,1
102658,Dino Dana The Movie,Horror,5,Donald,Glover,2
100566,The Legend of Halloween Jack,Comedy,2,Dick,Van,3
103645,Custody Of The Heart,Drama,3,Dylan,Sprouse,1
100511,The Night is Young,Kids,2,Jim,Parsons,3
100002,Take Care Good Night,Animation,5,Danny,Glover,3
101685,MerryGoRound,Action,1,Katrina,Kaif,2
105119,For the Emperor,Documentary,2,Julianne,Moore,2
100367,Think Like a Dog,Comedy,4,Dakore,Akande,3
100274,Trading Paint,Documentary,4,Bo,Burnham,3
103809,Mitron,Horror,1,Guillaume,Laurin,2
104274,Prince Among Slaves,Action,4,Josh,Charles,2
102067,Jackpot Tamil,Drama,1,Hairul,Azreen,2
101718,Master Telugu 4K UHD,Action,3,etin,Tekindor,2
101723,Master Malayalam,Comedy,5,Damandeep,Singh,2
101722,Master Malayalam 4K UHD,Arts,1,Jackie,Chan,2
101719,Master Telugu,Horror,5,Jeff,Dunham,2
100161,Wall Street Cowboy,Comedy,2,Atul,Kulkarni,3
102418,Frontier Pony Express,Documentary,3,Beln,Soto,2
100549,The Man From Cheyenne,Action,3,Bruce,Campbell,3
102737,Dakota,Animation,5,Evelin,Hagoel,1
102805,Come On Rangers,Documentary,2,Jos,Mujica,1
105586,Gamera 3 Revenge of Iris,Animation,1,Ali,Al,2
103614,National Lampoons The Legend of Awe,Action,1,Joey,King,2
104663,Ratnagiri,Drama,2,Eddie,Hall,2
106095,Dabbe 5 Zehri Cin,Drama,2,Jerzy,Radziwiowicz,1
104674,Doug Stanhope Beer Hall Putsch,Romance,3,Axle,McCoy,2
104275,Philip Roth Unmasked,Action,2,Dian,Sastrowardoyo,2
101349,Penguin Tamil,Drama,5,Kelly,Hu,2
100870,Sui Dhaaga  Made In India,Adventure,4,Ata,Demirer,3
101747,Mane Number 13,Comedy,3,Carey,Mulligan,2
103559,13aam Number Veedu,Drama,2,Cristine,Prosperi,1
105398,Hum Aapke Dil Mein Rehte Hain,Documentary,4,Josephine,Langford,2
104317,Never Grow Old,Action,3,Juhi,Chawla,2
104993,A Marriage of Convenience,Action,2,Guru,Somasundaram,1
104142,In Remembrance of Martin,Comedy,2,Gord,Downie,2
103376,A Year in Champagne,Romance,5,Aaron,Keogh,1
105275,Kabul Express,Documentary,2,Cynthia,Dankwa,2
105889,Death by a Thousand Cuts,Documentary,3,Adeel,Hussain,2
103822,Mad Money,Drama,1,Frances,OConnor,2
104291,CPAC The World Is Watching,Comedy,2,Benot,Magimel,1
105724,Devils Island,Action,2,Anuranjan,Premji,2
101949,Kickboxer 3 The Art of War,Comedy,4,Csongor,Szalay,2
106090,Fighter Marbo Noy Morbo,Special Interest,5,Jeremy,Renner,2
105351,Luckunnodu,Documentary,4,Harish,Verma,2
103438,A Boy A Girl and a Dog,Action,2,Charlie,Luxton,1
103962,Midnight Sky  Ocean Sounds 4 hours,Horror,4,Aaron,Paul,2
103220,Around the World in One Hour,Arts,5,Akshay,Kumar,1
103445,9Minute Yoga Guided Meditation  Vis,International,3,Alex,Heartman,1
103123,Beautiful Northern California with ,Western,4,Ammy,Virk,1
103280,American Flag for Kids,Comedy,3,Amruta,Subhash,1
101187,Relaxing Beaches with music,Comedy,5,Amy,Poehler,2
103222,Around The World in 30 Minutes,Action,2,Arjun,Kapoor,1
100381,The Worlds Most Beautiful Beaches,Drama,1,Bruce,Willis,3
103386,A Trip Through Lake Tahoe,Drama,2,Chi,Tai,1
103689,Box Fan medium  8 Hours for Sleep,Action,5,David,Spade,1
103475,30 Minutes of Serenity,Animation,4,Diljit,Dosanjh,1
100050,Yoga for Breath Awareness,Drama,4,Edward,Asner,3
102307,Gorgeous Aerial Views,Drama,1,Farooq,Shaikh,2
101697,Meditative Music For Yoga,Action,1,Francesco,De,2
101994,Jungle Waterfalls for Kids,Arts,5,Grace,Van,2
101673,Midnight Waterfalls for Sleep 8 hou,Comedy,4,Haifa,Wehbe,2
100540,The Milky Way,Comedy,1,Halle,Berry,3
103441,A 30Minute Journey Around the World,Documentary,4,Hannah,Gadsby,1
103122,Beautiful Portugal,Action,2,Hannah,Marks,1
103120,Beautiful Vistas from Around the Wo,Arts,4,Isabela,Moner,1
103121,Beautiful Southwest Colorado with m,Kids,2,Jack,Lemmon,1
103221,Around The World in 90 Minutes,Arts,3,Jaylen,Barron,1
100040,Yoga to Harness Your Chakra Energy,Kids,4,JeanBaptiste,Marcenac,3
103402,A OneHour World Tour,Special Interest,5,Jean,Dujardin,1
103446,9 Hour Rainstorm for Sleep black sc,Drama,2,Jimi,Hendrix,1
100041,Yoga to Ease Flight Anxiety,Action,3,John,Cleese,3
100051,Yoga For Beginners,Special Interest,5,Katt,Williams,3
105281,Hum Tum,Drama,5,Emile,Hirsch,2
104401,All Joking Aside,Drama,1,Jacob,Latimore,1
105288,Fanaa,Kids,2,Kate,Winslet,2
100738,The Bishops Wife,Documentary,3,Helen,Mirren,3
102405,Gajakesari,Action,5,Bren,Brown,2
101405,Out of the Wild,Horror,5,Adrian,Titieni,2
105567,Mazurkas,Drama,2,Jeremy,Ray,2
101531,Nanis Gang Leader,Drama,1,Boyd,Holbrook,2
103374,Aadai,Comedy,3,Jackie,Chan,1
105458,Do You Remember Dolly Bell,Kids,4,Jeff,Dunham,2
100749,The Beautician And The Beast,Drama,1,Bill,Nye,3
104853,Bol Baby Bol,Action,5,Ayushmann,Khurrana,1
103043,Blanche,Horror,5,Aaron,Kwok,1
101548,My Man Godfrey,Special Interest,3,Chant,Adams,2
103780,Ryan Bingham Live 4K UHD,Comedy,1,AnnaSophia,Robb,3
102094,Intersexion Finding a Place in a Tw,Comedy,4,Guillermo,del,2
104175,Abandoned,Arthouse,3,Josh,Hartnett,1
105423,Gopi,Suspense,1,Donnie,Yen,2
103868,Fukrey Returns,Comedy,4,Daphne,Zuniga,2
102319,Gog,Documentary,3,Alfre,Woodard,2
102728,Danger Street,Comedy,2,Hugh,Bonneville,1
103926,Apple of My Eye,Comedy,1,Anil,Kapoor,1
101506,Nervous Ticks,Comedy,5,Angelina,Jolie,2
101544,My Name Was Bette The Life and Deat,Horror,5,Burt,Reynolds,2
100426,The Tall Man,Drama,2,Daniel,J,3
103314,Alone For Christmas,Comedy,5,Bernat,Quintana,1
104479,Secrets,Special Interest,2,Adam,Sandler,3
101372,Pass Over,Arts,5,Ben,Stiller,2
103050,Black Widow,Horror,4,Bill,Murray,1
102954,Bruce Lee Fights Back From the Grav,Action,5,Christian,De,1
104677,CHIRAQ,Drama,1,Hannah,Emily,1
102978,Brash Boys Club,Documentary,4,Iliza,Shlesinger,1
100221,Underplayed,Action,3,Jacqueline,Kim,3
104164,Big Legend,Documentary,2,Jamie,Foxx,1
100856,Supa Strikas  A Goal in One,Animation,3,Hou,Hsiao,3
104252,Heathers,Comedy,1,Julin,Arango,2
105151,MFA,Action,2,Collin,Chou,2
101484,Night of the Running Man,Action,1,Ben,Stiller,2
100629,The Hard Corps,Drama,4,John,Mulaney,3
105058,Guys and Dolls,Drama,5,Jack,Whitehall,2
100525,The Mystery of Agatha Christie with,Kids,1,Hedy,Lamarr,3
100521,The Natural History of the Chicken,Horror,3,Drew,Sidora,3
104017,JFKs Women The Scandals Revealed,Action,2,Angela,Bassett,2
100110,Who Put The Klan Into Ku Klux Klan,Drama,2,Hctor,Anglada,3
102985,Brad Williams Fun Size,Drama,3,Elle,Fanning,1
103783,Revenge in Kind,Arts,1,Keira,Knightley,2
101275,Powder Blue,Comedy,2,Chow,Yun,2
102600,Drugs as Weapons Against Us,Arts,1,Christopher,Abbott,2
103053,Black Sabbath  Paranoid Classic Alb,Drama,5,David,Spade,1
103174,Back Page,Kids,5,Jason,Sudeikis,1
105520,Bigfoot UFOs and Jesus,Kids,4,Grant,Bowler,1
102526,Extracurricular Activities,Action,1,JeanClaude,Van,2
102226,Her Final Fury The Betty Broderick ,Drama,3,Craig,Sechler,2
103379,A Woman Scorned The Betty Broderick,Drama,4,John,Paul,1
102839,Cider with Rosie,Comedy,2,Cut,Mini,1
101594,Mountain Patrol,Drama,3,Damandeep,Singh,2
100033,Young Lovers,Drama,1,Jordana,Beatty,3
103482,30 Day Promise,Adventure,2,Elyse,Maloway,1
102161,Hurricane At Pilgrim Hill,Action,2,Chang,Tinghu,2
102141,Id Give My Life,Action,1,Gary,Oldman,2
102054,Jawaan,Drama,1,Jason,James,2
103785,Repo The Genetic Opera,Horror,1,Aniello,Arena,2
104313,Redhead,Documentary,4,Daniel,Valdez,2
101517,Naughty or Nice,Drama,1,Halle,Berry,2
103283,American Experience The Swamp,Comedy,2,Ahmed,El,1
101479,Nishabdham Telugu 4K UHD,Arts,2,Aaron,Pedersen,2
101480,Nishabdham Telugu,Action,2,Arya,Babbar,2
103288,American Experience Butch Cassidy a,Comedy,2,Alain,Moussi,1
105845,Reunion,Drama,2,Ginnifer,Goodwin,2
102347,Gina Yashere Skinny Btch,Action,3,Deep,Joshi,2
102069,Jack White Kneeling At The Anthem D,Fitness,5,Funke,Akindele,2
105721,Forrest Fun  Shorts for Kids,Action,5,Chris,Tucker,2
100392,The Winslow Boy,Arts,3,Johan,Cruyff,3
103856,Happiness Continues A Jonas Brother,Arts,3,Kangana,Ranaut,2
100877,Strategic Air Command,Music Videos and Con,1,Jakob,Dylan,3
102081,Ishq,Arts,1,Kajal,Aggarwal,2
104968,Red wine night,Action,2,Dilip,Kumar,2
104849,Contract Lovers,Action,4,Dylan,McDermott,1
102918,Captain Sabertooth,Action,4,Dennis,Chan,1
104202,Dead Mans Cards,Adventure,5,Chris,Farley,1
101085,Scorpio Men on Prozac,Drama,1,Hayley,Lovitt,3
101707,Maximum Ride,Documentary,5,Alain,Moussi,2
103853,Hick,Arts,5,Abhay,Mahajan,2
105356,Donna,Arts,3,Bill,Hicks,2
103046,Blackmark,Documentary,2,Chris,Attoh,1
101751,Man Vs,Comedy,2,Gading,Marten,2
105201,Ninja Academy,Comedy,2,Danilo,Mesquita,2
104055,Netherbeast Incorporated,Kids,2,Andr,Odendaal,2
103205,Ashley,Comedy,4,Chris,Hemsworth,1
101214,Rallying  The Killer Years,Drama,3,Clayne,Crawford,2
103683,Heatstroke,Kids,2,Akin,Lewis,2
104130,Out in the Dark English Subtitled,Romance,2,Emma,Thompson,2
103256,Angel On My Shoulder,Action,1,Chris,Evans,1
104486,Missing Mom,Drama,2,Jason,Patric,2
102149,I Love Toy Trains  All Aboard,Action,1,Jaspinder,Cheema,2
101444,Oddball,Comedy,2,Alexandre,Rodrigues,2
103107,Bells of Rosarita,Drama,5,Fiona,Dourif,1
100891,Still Mine,Drama,2,Aftab,Shivdasani,3
105813,Jungle,Arts,2,Ayo,Makun,2
103824,Low Tide,Action,3,Jessica,De,2
102527,Extra Golden,Horror,3,Harrison,Ford,2
105854,Jean of the Joneses,Action,5,Andrew,Wilson,2
102873,Chhalaang,Action,3,Anya,TaylorJoy,1
105104,One Hit From Home,Comedy,3,David,Duchovny,2
103239,Another Mothers Son,Drama,1,Ahmed,Eid,1
104640,Chef,Drama,2,Brad,Hyland,1
102554,Enai Noki Paayum Thota,Comedy,3,David,Morrissey,2
105801,Monsieur Papa,Drama,1,Katie,Holmes,2
104950,Cut The Rope Om Nom Stories  Challe,Action,1,Bhargavi,Chirmuley,1
104847,Cut the Rope  Spot the Difference 2,Drama,1,Judy,Davis,1
103424,A Fine Step,Suspense,2,Jacob,Artist,1
103331,Alien Crash Retrievals,Adventure,4,Demin,Bichir,1
105812,Jurassic Dinosaur Quest TRex Ranch,Kids,5,Jackie,Shroff,2
103701,A Class Apart,Arts,5,Ahmed,Helmy,1
103898,Coming Convergence The,Arts,5,Anna,Kendrick,1
100323,TJ January 3rd,Documentary,1,Chris,Rock,3
101738,Marilyn Hotchkiss Ballroom Dancing ,Comedy,3,Eamon,Farren,2
105031,All Babes Want To Kill Me,Drama,1,Eddie,Murphy,1
102109,Infinity Chamber,Action,1,Chika,Ike,2
101339,Phantom From 10000 Leagues1955,Drama,3,Abir,Chatterjee,2
101918,Kung Fu Punch of Death,Action,4,Cecilia,Roth,2
101092,Sawan Ko Aane Do,Action,5,Donnie,Yen,3
103048,Blackbird 4K UHD,Comedy,5,Christopher,Masterson,1
104495,Copper Mountain,Comedy,5,Deepti,Naval,1
105158,Blackbird,Horror,2,Felix,Starck,1
104131,Nocturnal Agony,Comedy,2,Frank,Welker,2
105579,It Never Sleeps,Drama,2,Jeremy,Renner,2
103795,Painted Horses,Drama,2,Della,Dartyan,2
101488,Night at High Noon and the Wonder G,Arts,1,brahim,Bykak,2
104080,Calamity Jane Legend of the West,Comedy,3,Joe,Anderson,1
102984,Brad Williams Daddy Issues,Suspense,3,Josh,Peck,1
102520,Fahrenheit 119,Action,4,Chris,DElia,2
101381,Paradise Hawaiian Style,Comedy,1,Feng,Ku,2
101493,Nick Griffin Cheer Up,Drama,5,Demin,Bichir,2
103328,All is Bright,Arthouse,4,Jeff,Dunham,1
104717,Scotland PA,Romance,4,Jason,Segel,3
104488,Hold,Drama,1,Emma,Bell,2
103186,Azeem Banatwalla Cometh The Hour,Comedy,1,Byunghun,Lee,1
100185,Vinci Da,Action,5,Franco,Escamilla,3
101780,Mad to be Normal,Documentary,1,Aishwarya,Rajesh,2
104653,Berserkers,Action,2,Harrison,Chad,1
104842,Guava Island,Special Interest,3,Gil,Alexandre,2
105175,Rakhwala,Comedy,3,Guy,Pearce,2
101612,Morgan Murphy Irish Goodbye,Drama,3,Eric,Roberts,2
103903,Charlie and Boots,Drama,2,Ingrid,Guimares,1
105445,Dheena,Kids,3,Ashanth,K,2
105279,Joker,Documentary,1,Brandon,Routh,2
100786,Thao and the Get Down Stay Down,Horror,5,Akshay,Kumar,3
101094,Savoir Adore,Comedy,4,Dougray,Scott,3
100621,The Hold Steady,Horror,1,Jeannie,Elias,3
105878,Nee Needala,Music Videos and Con,3,Haley,Lu,2
105924,Razor Sharpe,Comedy,5,Aftab,Shivdasani,2
102065,Jake Shimabukuro Life on Four Strin,Action,3,Haluk,Bilginer,2
101126,Rudy Ruettiger The Walk On,Documentary,4,Jimmy,Carr,3
102509,Falls Around Her,Action,4,Emily,Blunt,2
102938,C U Soon 4K UHD,Drama,4,John,Travolta,1
105232,Josh Blue Broccoli,Drama,3,Asser,Yassin,2
100272,Transit,Drama,3,Josh,Hamilton,3
102034,Jessica,Documentary,1,Jandino,Asporaat,2
101761,Make A Wish,Horror,4,Adrin,Uribe,2
101874,Lets Sing Again,Comedy,5,Cristela,Alonzo,2
102980,Branded a Coward,Comedy,2,Djdj,Apali,1
102481,Fighting Mad 1939,Drama,5,Jesse,Eisenberg,2
100881,Straight Shooter,Comedy,3,Kenan,Thompson,3
100548,The Man From Utah,Comedy,3,Julia,WieniawaNarkiewicz,3
100666,The Fatal Hour,Documentary,4,Ari,Irham,3
101620,Monte Carlo Nights,Romance,1,Dries,Van,2
103808,Mr Wong In Chinatown,Horror,2,Fernando,Sanjiao,2
101183,Remembering Leonard Nimoy,Drama,2,Bront,Palarae,2
104133,Ninnu Kori,Drama,4,Joey,Kern,2
103634,High Kick Girl,Documentary,2,Kamal,Hassan,2
102629,Dont Call Me Bigfoot,Anime,4,Colin,Quinn,2
102467,First Winter,Horror,5,Jason,Statham,2
103041,Blind Fury,Romance,3,Henry,Cavill,1
105510,Eat Your Heart Out,Action,3,DL,Hughley,2
102519,Fairhaven,Kids,5,Chris,Evans,2
101923,KROOS,Arts,2,Hussain,Al,2
104605,Accidental Christmas,Documentary,3,Brenton,Thwaites,1
104414,Megaconda,Kids,4,Gina,Rodriguez,2
102136,Ice Blues A Donald Strachey Mystery,Animation,4,Amy,Tan,2
105174,Rendezvous,Arts,5,Ghadah,Abdulrazeq,2
103352,After School,Comedy,1,Charlie,Shotwell,1
104703,Blossoms of Faith,Comedy,1,Alexa,PenaVega,1
101230,Queer Nation,Drama,2,Gene,Wilder,2
102397,Gallagher Stuck In the 60s,Horror,5,Isabelle,Adjani,2
102460,Flight 666,Suspense,1,Carlos,Bardem,2
102927,Camelot,Arts,2,Deng,Chao,1
100513,The Night Before Christmas,Drama,4,George,Clooney,3
105001,Istha Sakhi,Action,1,Amber,Frank,2
105807,Manifest Destiny The Lewis  Clark M,Action,1,Carla,Gugino,2
101616,Moonfire,Drama,4,Janhvi,Kapoor,2
102999,Born To Win,Action,5,Eileen,Atkins,1
103051,Black Water,Action,5,Geoffrey,Rush,1
104382,Katie Bird,Documentary,2,Edward,Kagutuzi,2
102401,Gallagher Mad As Hell,Action,1,Amitabh,Bachchan,2
105676,Message Man,Comedy,1,Abhishek,Bachchan,2
102697,Deadly Companions,Kids,1,Adil,Hussain,2
102179,House of Sand and Fog,Suspense,2,Gina,Carano,2
103625,La Cucaracha,Special Interest,4,Gbenga,Titiloye,2
104289,Garnets Gold,Documentary,1,Adipati,Dolken,2
103484,3 Magic Words,International,1,Kangho,Song,1
100969,Smile Please,Special Interest,1,Ajay,Devgn,3
101477,No Turning Back,Drama,3,Beln,Rueda,2
103013,Bob the Drag Queen Suspiciously Lar,Arts,5,Fortune,Feimster,1
104058,Look Again,Comedy,5,Greg,Kinnear,2
103088,Beware of Ladies,Drama,2,Angelica,Panganiban,1
102294,Great Rupert,Arthouse,3,Felipe,Esparza,2
104814,Aamchya Sarkhe Aamhich,Science Fiction,1,Alycia,DebnamCarey,1
104739,Bacterium,Special Interest,2,Joe,Mande,1
103506,2001 Lakers,Comedy,5,Adhisty,Zara,1
102022,Jim Norton Please Be Offended,Arts,3,Bing,Crosby,2
102966,Brian Posehn 25x2,Action,3,Gavin,Lewis,1
103839,Joey Coco Diaz Sociably Unacceptabl,Fantasy,2,John,Sessions,2
104778,Landshark,Comedy,4,Jan,Nowicki,2
101521,Nature Snow Monkeys,Drama,3,Jim,Carrey,2
103611,Outcast,Action,3,Colin,Farrell,2
103209,Aruvi,Action,2,Andrew,Steel,1
101515,Nawabzaade,Action,2,Harrison,Ford,2
100264,Triple Seat 4K UHD,Action,3,Boman,Irani,3
103080,Bhoot Part One  The Haunted Ship,Drama,3,Boman,Irani,1
105027,Cheating Hearts,Comedy,1,Benjamin,Dickey,1
105592,Elton John  Uncensored,Drama,4,Claire,Forlani,2
103818,Mardaani 2,Suspense,3,Karim,Saleh,2
100618,The Hottie and the Nottie,Drama,5,Kathryn,Bernardo,3
101433,Omega Doom,Kids,5,Amitabh,Bachchan,2
102043,Jeff Garcia Livin the Dream,Documentary,5,Adam,Sandler,2
102256,Happythankyoumoreplease,Arthouse,1,Eddie,Murphy,2
102259,Happy 40th,Action,1,Erin,Fitzgerald,2
105083,Dandupalya 2,Horror,3,Ajay,Devgn,1
104484,Ninu Veedani Needanu Nene,Action,1,Emayatzy,Corinealdi,2
105101,Raleigh I Kinda Like You,Comedy,5,lvaro,Ogalla,2
105659,I See You,Action,4,Ken,Foree,2
102230,Hellbound Hellraiser 2,Comedy,2,Alejandro,Pea,2
101478,No Place to Hide The Rehtaeh Parson,Drama,2,Irrfan,Khan,2
102523,F2  Fun and Frustration,Science Fiction,2,Alain,Hernndez,2
105252,Raja The Great,Comedy,1,Denzel,Washington,2
102009,Johnny Guitar,Drama,2,Felix,Lobrecht,2
100277,Toxification,Drama,2,Idris,Elba,3
100831,Sye Raa Narasimha Reddy Tamil,Drama,4,Halil,Sezai,3
102791,Convention Girl,Arts,2,Ali,Suliman,1
105687,Personally Yours,Comedy,5,Edward,Norton,2
102589,Easy Come Easy Go,Action,2,Jaswinder,Bhalla,2
105539,Infected,Drama,4,Diljit,Dosanjh,2
105576,Kho Kho,Arts,2,Daniel,Gimnez,2
102677,Devils Whisper,Kids,1,Diaan,Lawrenson,2
102610,Dragonslayer,Comedy,4,Debra,Winger,2
104262,47 Meters Down Uncaged 4K UHD,Action,4,Ashleigh,Ball,1
105673,47 Meters Down Uncaged,Action,4,Flavio,Medina,1
100727,The Bridges at TokoRi,Arts,2,Carlos,Chan,3
101556,My Foolish Heart,Animation,2,Javicia,Leslie,2
104380,Looking for an Angel,Documentary,1,Bunga,Citra,2
103011,Bobby Slayton Born To Be Bobby,Horror,3,Alison,Brie,1
100897,Steve Byrne The Byrne Identity,Romance,2,Amitabh,Bachchan,3
103841,Jeff Dunham Arguing with Myself,Fantasy,4,Ashleigh,Ball,2
102013,John Heffron Middle Class Funny,Suspense,5,Gaspard,Schlatter,2
103957,Pablo Francisco Ouch Live From San ,Action,4,Graham,Chapman,2
103687,Danny Bhoy Subject to Change,Comedy,5,Gustavo,Snchez,1
101840,Little Men 1935,Animation,2,Guggu,Gill,2
104201,Different Worlds,Arts,2,Farid,Shawqy,2
101232,Queen of the Yukon,Comedy,3,Ahmed,Helmy,2
100921,Spooks Run Wild,Action,1,Jim,Henson,3
100276,Traci Townsend,Kids,2,Blanche,Gardin,3
103284,American Experience The Race Underg,Comedy,4,Kate,Higgins,1
101356,Pearl,Documentary,3,Dhruva,Padmakumar,2
103608,Ride with the Wind,Kids,2,Haley,Bennett,2
104845,Extreme Raheem,Action,2,Kai,Ko,2
103369,Abducted,Western,5,Gabriel,Iglesias,1
101378,Pari,International,4,Justin,Fashanu,2
104646,Neha,Drama,2,Kelly,Sheridan,2
103467,33  Beyond The Royal Art of Freemas,Drama,5,Ansel,Elgort,1
103345,Agent Sai Srinivasa Athreya,Comedy,5,David,Strathairn,1
101999,Joyride,Action,5,AR,Rahman,2
100026,Zambezi Force of Life,Western,5,Kanto,Shimokura,3
102010,Johnny Frank Garretts Last Word,Drama,3,Demet,Akba,2
100759,The Art of War II Betrayal,Comedy,5,Fred,Tatasciore,3
105669,American Tragedy,Documentary,2,Amina,Khalil,1
103652,Barefoot In The Park,Special Interest,2,Eric,Bauza,1
104404,Aalo Chhaya,Drama,2,Anne,Curtis,1
103370,ABC Ice Cream Cones with The LuvBug,Special Interest,5,Emily,Bader,1
100278,Tour Balas Perdidas en Madrid,Animation,3,Blanche,Gardin,3
105868,After the Reign,Action,4,Kareem,Mahmoud,1
104952,Chelli Kosam,Action,3,Flavia,Bechara,1
103083,Bheemasena Nalamaharaja,Arthouse,3,Georges,Khabbaz,1
104143,Hello Charlie,Animation,4,Donnie,Yen,2
103404,A Mothers Nightmare,Animation,2,Antonio,Banderas,1
101224,Radioactive,Drama,1,America,Young,2
102649,Dirty Pictures,Action,5,Jack,Whitehall,2
105581,Hitmans Hero,Drama,1,Jason,Mewes,2
100096,William and Kate Into the Future,Drama,3,Black,Deniro,3
103836,Kevin Hart Presents Lil Rel Howery ,Action,3,Jaimi,Paige,2
104368,Power of the Resurrection  Christs ,Adventure,3,Carson,Meyer,2
100675,The Fabulous Allan Carr,Arts,2,Jane,Fonda,3
100676,The Extraordinary Journey of the Fa,Comedy,1,David,Elliot,3
105413,Savage Island,Suspense,2,Denis,Leary,3
103943,1492 Conquest of Paradise,Comedy,2,Freida,Pinto,1
101934,King Arthurs Lost Kingdom,Arts,3,Hayden,Christensen,2
104773,Phantom of the Grindhouse,Arts,2,Adipati,Dolken,2
101908,Lady in the Death House,Arthouse,5,Charles,Malik,2
105700,Sahasam,Documentary,4,Emilian,Oprea,3
101725,Maserati A Hundred Years Against Al,Horror,3,Dale,Elliott,2
105113,Karnan,Arts,3,Alia,Shawkat,2
104810,DeepStar Six,Comedy,2,Abbey,Lee,2
101536,Mystery Road,Drama,5,Anne,Watanabe,2
102360,Ghawre Bairey Aaj,Horror,1,Hugh,Bonneville,2
100512,The Night Crew,Action,3,Chingo,Bling,3
103086,Beyond the Sky,Special Interest,2,John,Cusack,1
105302,Band Baaja Baaraat,Horror,4,Alexandria,OcasioCortez,1
105289,Fan,Horror,1,Keanu,Reeves,2
102228,Hennessy,Comedy,3,Chrishell,Hartley,2
101698,Medal of Honor,Documentary,2,Hong,Bumki,2
103781,Roborex,Documentary,3,Jacob,Elordi,2
104904,Number One of the Secret Service,Documentary,1,Guy,Pearce,2
102224,Heres Flash Casey,Documentary,1,Catherine,Hicks,2
103562,102 Not Out,Drama,4,Deepak,Dobriyal,1
100534,The Missing Lynx,Animation,3,Emma,Stone,3
103882,Elvira Mistress of the Dark,Drama,1,Franco,Masini,2
100533,The Monkeys Paw,Drama,3,Christoph,Sanders,3
103072,Bigfoot The Conspiracy,Kids,4,Edward,Norton,1
102045,Jeff Dunham Controlled Chaos,Suspense,3,Jake,Gyllenhaal,2
101167,Richard Hammond Meets Evel Knievel,Romance,3,Karen,Strassman,2
102641,Do You Like Broccoli Ice Cream  Mor,Action,5,Ahmed,Helmy,2
104536,Kylie Minogue Showtime,Comedy,5,ChiaHui,Liu,2
103104,Beneath Hill 60,Comedy,3,James,Brolin,1
104880,Kuriyan Jawan Bapu Preshaan,Drama,4,Alex,Frnka,2
101956,Kesari,Drama,2,Ben,Hyland,2
105287,Fukrey,Kids,1,Charlotte,Gainsbourg,2
101574,Muklawa,Action,3,Jim,Gaffigan,2
105120,Eh Janam Tumhare Lekhe,Kids,4,Joy,Sengupta,2
101992,Jury Of Our Peers,Documentary,1,Bovi,Ugboma,2
102671,Diabolique,Drama,1,Juan,Daniel,2
104634,Noor,Comedy,2,Artiwara,Kongmalai,2
102276,Gulabo Sitabo 4K UHD,LGBTQ,2,Ana,Layevska,2
100281,Touch Chesi Chudu,Action,5,Darlene,Love,3
102255,Hard Candy,Horror,2,Kangho,Song,2
102525,Eye of the Beholder The Art of Dung,Action,1,Chris,Rock,2
101955,Kevin Hart Presents Keith Robinson ,Horror,1,Armeena,Rana,2
103118,Bebes Kids,Suspense,4,Eddie,Murphy,1
104780,Interviewing Monsters and Bigfoot,Drama,1,Jeff,Bridges,2
101757,Making of Michael Jordans Playgroun,Drama,2,Ben,Stiller,2
100524,The Mystery of Chaco Canyon,Action,3,Brenton,Thwaites,3
100537,The Miracle Maker,Music Videos and Con,4,Aga,Muhlach,3
104410,Platos Reality Machine,Drama,5,Julia,Stiles,2
100849,Super Size Me 2 Holy Chicken,Comedy,4,Hugh,Grant,3
101440,Odeya 4K UHD,Historical,4,Fionn,Whitehead,2
102445,Forbidden Empire,Action,3,John,Roohinian,2
104261,A Year and Change,Drama,2,Debs,Howard,1
100720,The Christmas Candle,Comedy,2,Audrey,Hepburn,3
100311,Tom Browns School Days,Action,2,John,C,3
104805,Love and Friendship,Comedy,2,Donghwi,Lee,2
103299,Amazon Music Presents The L I Will ,Comedy,4,Aenne,Schwarz,1
103342,Alabama Dirt,Documentary,5,Danny,Trejo,1
102338,Gladiators of Rome,Drama,1,Danny,Trejo,2
104197,From Other Worlds,Drama,4,Alexander,Skarsgrd,2
104489,Hindu Raga Music for Yoga,Animation,2,Ahmed,Rizk,2
103012,Bob The Train  Non Stop,Special Interest,4,Jessica,Williams,1
100724,The Capture,Documentary,2,Brooklynn,Prince,3
105524,Adithya Creative Genius,Comedy,3,Fabrizio,Copano,1
101792,Lucifer Malayalam,Drama,1,Bill,Burr,2
101791,Lucifer Tamil,Documentary,2,Bill,Hicks,2
102450,Flying Deuces,Action,5,Anil,Kapoor,2
103628,Jackie Chan Presents Wushu,Suspense,1,Buakaw,Banchamek,2
103779,Santa Jaws,Comedy,5,Jacqueline,Toboni,3
104470,Chemical Hearts,Arts,4,Baraa,Alem,1
102407,GI Blues,Drama,5,Kellan,Lutz,2
103615,Mystery Of The Hooded Horsemen,Arts,2,Amy,Winehouse,2
103855,Happy Birthday,Anime,2,Chadwick,Boseman,2
100275,Tracktown,Drama,2,Bob,Ross,3
105685,Puzzle Luomo Senza Memoria,Documentary,1,Jackie,Appiah,2
102552,Enchantimals Spring into Harvest Hi,Drama,5,Harry,Styles,2
102254,Hard Eight,Arts,4,Adam,Sandler,2
105867,All the Little Animals,Documentary,3,Jamie,Bell,1
104854,Attention Please,Action,5,Daisuke,Ono,1
103417,A Haunting on Brockway Street,Comedy,2,Beattie,Edmondson,1
103899,Come to Daddy,Comedy,5,Deepak,Sampat,1
105211,Drug War,Drama,5,Bill,Hader,2
105670,Accident,Documentary,1,Jeni,Ross,1
103416,A Haunting on Dice Road 2 Town of t,Arts,2,Cornelia,Grschel,1
101640,MOM BEHIND THE WHEEL,Arts,2,lvaro,Cervantes,2
101929,Knock Off,Arts,4,Ice,Cube,2
105071,Poor Liza,Western,4,Daryl,Sabara,2
100012,Take Care,Comedy,4,John,Wayne,3
100126,When Did You Last See Your Father,Arts,4,Imran,Rasheed,3
104064,Hostile,Documentary,1,Carey,Mulligan,2
103458,53206 Milwaukee,Action,4,Jeff,Dunham,1
103415,A Haunting on Dice Road The Hell Ho,Comedy,1,Fardeen,Khan,1
105438,Pururava,Drama,2,Antonia,Thomas,2
105439,No Strings,Action,4,Anna,Faris,2
102543,Escape,Action,1,Abhay,Deol,2
105263,Newton,Action,1,Faizon,Love,2
101546,My Name Is Nobody,Horror,2,Craig,Sechler,2
101668,Mila and Morphles Magical Christmas,Action,5,Aziz,Ansari,2
101606,Morphle  My Magic Animals,Documentary,4,Bimbo,Akintola,2
101294,Playtime with Mila and Morphle,Horror,3,Henry,Fonda,2
103641,Dont Worry He Wont Get Far on Foot,Animation,5,Holly,Taylor,2
105742,Morphle NonDialogue  Mila and Morph,Horror,2,Jack,Black,2
105666,Beautiful Boy,Documentary,4,Kandido,Uranga,1
101332,Pink Floyd The Dark Side of the Moo,Arts,1,Abhishek,Bachchan,2
101604,Morphle  The Return of Orphle  More,Special Interest,3,Charlotte,Le,2
100056,Yatra Malayalam,Documentary,1,Julie,Maddalena,3
104633,Respite,Comedy,2,Bea,Santos,2
104839,Kattumarakaran,Kids,2,Elizabeth,Bogush,2
104981,Chasing,Action,3,Kelly,Sheridan,1
101626,Monster,Western,4,Alex,Russell,2
104173,Alex in Wonderland,Drama,2,Daniel,Wu,1
104499,Raabta,Arts,1,Jason,Statham,2
103311,Alonzo Bodden Tall Dark And Funny,Horror,2,Jewel,ThaisWilliams,1
105426,El Gran McLintock,Action,2,Abdulmohsen,AlQaffas,2
101783,Maayavan,Comedy,1,Alain,Saadeh,2
102171,Howie Mandel Presents Howie Mandel ,Drama,1,Aaron,TaylorJohnson,2
104029,Dennis Miller Fake News Real Jokes,Action,1,Ben,Schwartz,2
104838,Lavell Crawford Home for the Holida,Comedy,1,Douglas,Booth,2
102828,Claudia Oshry Disgraced Queen,Documentary,2,Isabella,Acres,1
102227,Henry Rollins Keep Talking Pal,Drama,2,Johnny,Depp,2
101800,Love Simple,Action,4,Eliza,Taylor,2
100710,The Courageous Dr Christian,Drama,4,Jhannes,Haukur,3
105206,Goko Mako,Comedy,4,Jacqueline,Fernandez,2
101979,Kaappaan,Comedy,2,Iva,Pazderkov,2
100662,The Fighting Kentuckian,Action,5,Anton,Yelchin,3
103128,Beast Mode,Action,4,Ewan,McGregor,1
105478,Diamond in the Rough,Drama,2,Gina,Rodriguez,2
105404,Camino a Bali,Action,2,Jared,Padalecki,1
100821,Taking 5,Documentary,2,Aya,Erturan,3
105668,An Inspector Calls,Drama,5,Halina,Buynooza,1
103695,April Fools Day,Arts,2,Flynn,Curry,1
103793,Pride,Horror,1,Joaqun,Ferreira,2
100814,Target for Tonight,Documentary,1,Joseph,GordonLevitt,3
103243,Anna Nicole Smith,Western,1,Aditya,Roy,1
103654,A Good Man,Documentary,3,Darren,Wang,1
100912,Stallone Frank That Is,Comedy,2,Chyler,Leigh,3
100714,The Confessor,Arts,1,Hector,Elizondo,3
100003,Secrets of Deception,Kids,5,Chris,Pine,3
103972,Fist of Fury,Documentary,3,Imran,Khan,2
100006,Living With Dinosaurs,Documentary,3,Anson,Mount,2
105511,Dickie Roberts Former Child Star,Drama,2,Jean,Dujardin,2
101835,Live from Lincoln Center Rodgers an,Drama,1,John,Lloyd,2
103511,19961997 NBA Championship Season  C,Action,2,Genevieve,Nnaji,1
104322,Iraqs Secret Sex Trade,Comedy,2,Cameron,Palatas,2
105808,Mamas Song,Drama,2,Emraan,Hashmi,2
104388,I Basilischi,Comedy,4,Andy,Samberg,2
102784,Corsair,Comedy,5,Danny,Aiello,1
100869,Suicide,Drama,3,Joseph,Vijay,3
105823,Come Out Fighting,Science Fiction,5,Gregorio,Duvivier,1
101886,Legend,Suspense,5,Gong,Yoo,2
104381,Learning The Hard Way,Action,1,Jazzy,B,2
102819,Clockwork Orange County,Action,3,Chantavit,Dhanasevi,1
103361,Ace In The Hole,Arts,3,Anjelah,JohnsonReyes,1
103474,30 Minutes of Sheep for Relaxation,Action,4,Juan,Sebastin,1
102711,David Crowe Crooked Finger,Kids,3,Anwulika,Alphonsus,1
100674,The Face of Jesus Christ,Special Interest,3,Dolph,Lundgren,3
104531,Red Ribbon Blues Restored,Comedy,1,Chris,Klein,2
101727,Mary Higgins Clarks He Sees You Whe,Action,2,Brittany,Snow,2
102038,Jennifer Aniston More than Friends,Arts,3,Adama,Niane,2
100669,The Far Frontier,Horror,2,Dominique,Fishback,3
100919,Springtime in the Sierras,Arts,2,Imanol,Arias,3
102524,Eyes Of Texas Black  White,Documentary,3,Justin,Fletcher,2
100500,The Outsider,Comedy,5,Bisola,Aiyeola,3
105176,Predatory Lender,Comedy,2,Guy,Martin,2
103902,Cherry Pop,Documentary,1,Casper,Van,1
101876,Lets Go Collegiate,Documentary,5,Dulquer,Salmaan,2
102607,Dreaming Out Loud,Drama,1,Jamie,Bell,2
105716,Gamera vs Jiger,Drama,1,Anna,Kendrick,2
105717,Gamera vs Gyaos,Animation,4,Eda,Ece,2
105830,Absurd Accident,International,3,Ben,Ferencz,1
104255,Double Dragon,Action,2,Ignacia,Allamand,2
100643,The Giant Killer Finding Flaherty T,Comedy,5,Anamaya,Verma,3
100457,The Secret Life of Walter Mitty,Comedy,5,John,Abraham,3
104027,Elodie,Action,1,Kelli,Berglund,2
104490,High Noon,Kids,1,Cate,Blanchett,2
104280,Loaded,Drama,3,Binnur,Kaya,2
100589,The Kid From Brooklyn,Animation,2,Cameron,Diaz,3
101699,Meant To Be Broken,Action,1,Anisa,Rahma,2
104942,In The Hood,Drama,4,Justin,Deeley,2
104277,Pawn Sacrifice,Documentary,2,Anders,Danielsen,2
